"site","year","env","rep","row","col","entry","yield"
"FortCollins",2024,"FortCollins_2024",1,1,1,6,NA
"FortCollins",2024,"FortCollins_2024",1,1,2,12,3643.45322346408
"FortCollins",2024,"FortCollins_2024",1,1,3,3,3768.63037981181
"FortCollins",2024,"FortCollins_2024",1,1,4,13,4564.15736184438
"FortCollins",2024,"FortCollins_2024",1,1,5,18,4224.1597372779
"FortCollins",2024,"FortCollins_2024",1,1,6,13,4320.00180004062
"FortCollins",2024,"FortCollins_2024",1,1,7,14,4651.5439875405
"FortCollins",2024,"FortCollins_2024",1,1,8,16,5230.95958321763
"FortCollins",2024,"FortCollins_2024",1,1,9,20,6000.54045335879
"FortCollins",2024,"FortCollins_2024",1,1,10,7,5194.01141748221
"FortCollins",2024,"FortCollins_2024",1,2,1,14,4532.97583087861
"FortCollins",2024,"FortCollins_2024",1,2,2,4,4699.87033724714
"FortCollins",2024,"FortCollins_2024",1,2,3,1,4728.99343113144
"FortCollins",2024,"FortCollins_2024",1,2,4,15,4590.39446902114
"FortCollins",2024,"FortCollins_2024",1,2,5,5,4854.34901480598
"FortCollins",2024,"FortCollins_2024",1,2,6,10,5240.77382973317
"FortCollins",2024,"FortCollins_2024",1,2,7,17,NA
"FortCollins",2024,"FortCollins_2024",1,2,8,2,NA
"FortCollins",2024,"FortCollins_2024",1,2,9,19,NA
"FortCollins",2024,"FortCollins_2024",1,2,10,19,4688.95867505173
"FortCollins",2024,"FortCollins_2024",1,3,1,9,3119.53016781024
"FortCollins",2024,"FortCollins_2024",1,3,2,7,NA
"FortCollins",2024,"FortCollins_2024",1,3,3,15,3892.72067895429
"FortCollins",2024,"FortCollins_2024",1,3,4,1,NA
"FortCollins",2024,"FortCollins_2024",1,3,5,18,4829.32258003481
"FortCollins",2024,"FortCollins_2024",1,3,6,12,4978.50111251589
"FortCollins",2024,"FortCollins_2024",1,3,7,16,5961.56296737597
"FortCollins",2024,"FortCollins_2024",1,3,8,20,6172.38842543872
"FortCollins",2024,"FortCollins_2024",1,3,9,2,6072.47610720136
"FortCollins",2024,"FortCollins_2024",1,3,10,9,5121.88474492542
"FortCollins",2024,"FortCollins_2024",1,4,1,3,4148.941927781
"FortCollins",2024,"FortCollins_2024",1,4,2,17,4165.80351082744
"FortCollins",2024,"FortCollins_2024",1,4,3,11,4573.19264189888
"FortCollins",2024,"FortCollins_2024",1,4,4,8,4020.71601134789
"FortCollins",2024,"FortCollins_2024",1,4,5,10,4459.66824408708
"FortCollins",2024,"FortCollins_2024",1,4,6,5,4834.37537759532
"FortCollins",2024,"FortCollins_2024",1,4,7,11,5718.86938894847
"FortCollins",2024,"FortCollins_2024",1,4,8,6,NA
"FortCollins",2024,"FortCollins_2024",1,4,9,4,5103.1324676187
"FortCollins",2024,"FortCollins_2024",1,4,10,8,4756.75264423262
"FortCollins",2024,"FortCollins_2024",2,5,1,5,4270.35676679509
"FortCollins",2024,"FortCollins_2024",2,5,2,17,4727.96177181586
"FortCollins",2024,"FortCollins_2024",2,5,3,4,NA
"FortCollins",2024,"FortCollins_2024",2,5,4,10,NA
"FortCollins",2024,"FortCollins_2024",2,5,5,3,5270.9001274973
"FortCollins",2024,"FortCollins_2024",2,5,6,4,NA
"FortCollins",2024,"FortCollins_2024",2,5,7,2,5359.89994569879
"FortCollins",2024,"FortCollins_2024",2,5,8,18,5063.63485470734
"FortCollins",2024,"FortCollins_2024",2,5,9,20,NA
"FortCollins",2024,"FortCollins_2024",2,5,10,5,NA
"FortCollins",2024,"FortCollins_2024",2,6,1,19,4543.97154670999
"FortCollins",2024,"FortCollins_2024",2,6,2,13,4494.58485373574
"FortCollins",2024,"FortCollins_2024",2,6,3,11,4806.04683822299
"FortCollins",2024,"FortCollins_2024",2,6,4,14,4259.36132174106
"FortCollins",2024,"FortCollins_2024",2,6,5,3,NA
"FortCollins",2024,"FortCollins_2024",2,6,6,2,4893.71075172526
"FortCollins",2024,"FortCollins_2024",2,6,7,16,5059.79821393409
"FortCollins",2024,"FortCollins_2024",2,6,8,13,4648.29466895555
"FortCollins",2024,"FortCollins_2024",2,6,9,1,4801.65168507601
"FortCollins",2024,"FortCollins_2024",2,6,10,20,NA
"FortCollins",2024,"FortCollins_2024",2,7,1,6,3843.5471834309
"FortCollins",2024,"FortCollins_2024",2,7,2,14,4272.7710596003
"FortCollins",2024,"FortCollins_2024",2,7,3,12,4307.73464906673
"FortCollins",2024,"FortCollins_2024",2,7,4,11,4459.72128659969
"FortCollins",2024,"FortCollins_2024",2,7,5,15,4330.22674139116
"FortCollins",2024,"FortCollins_2024",2,7,6,7,4149.06686631305
"FortCollins",2024,"FortCollins_2024",2,7,7,7,4527.24284666708
"FortCollins",2024,"FortCollins_2024",2,7,8,1,4789.66609819773
"FortCollins",2024,"FortCollins_2024",2,7,9,8,4508.90474584178
"FortCollins",2024,"FortCollins_2024",2,7,10,6,5307.06063046201
"FortCollins",2024,"FortCollins_2024",2,8,1,18,5151.40625995129
"FortCollins",2024,"FortCollins_2024",2,8,2,16,NA
"FortCollins",2024,"FortCollins_2024",2,8,3,9,4735.17879082328
"FortCollins",2024,"FortCollins_2024",2,8,4,10,NA
"FortCollins",2024,"FortCollins_2024",2,8,5,8,3801.25911850546
"FortCollins",2024,"FortCollins_2024",2,8,6,12,3893.00194964865
"FortCollins",2024,"FortCollins_2024",2,8,7,15,3361.19909869513
"FortCollins",2024,"FortCollins_2024",2,8,8,19,3919.10343890406
"FortCollins",2024,"FortCollins_2024",2,8,9,9,5197.1654966448
"FortCollins",2024,"FortCollins_2024",2,8,10,17,4540.17383251439
"FortCollins",2024,"FortCollins_2024",3,9,1,8,5068.35166574694
"FortCollins",2024,"FortCollins_2024",3,9,2,11,5461.62485901442
"FortCollins",2024,"FortCollins_2024",3,9,3,12,4213.20768049825
"FortCollins",2024,"FortCollins_2024",3,9,4,16,4770.77451410498
"FortCollins",2024,"FortCollins_2024",3,9,5,5,4155.19450033281
"FortCollins",2024,"FortCollins_2024",3,9,6,15,NA
"FortCollins",2024,"FortCollins_2024",3,9,7,20,3950.01401971625
"FortCollins",2024,"FortCollins_2024",3,9,8,15,3574.78820050806
"FortCollins",2024,"FortCollins_2024",3,9,9,4,3297.44740074856
"FortCollins",2024,"FortCollins_2024",3,9,10,6,3394.05369087836
"FortCollins",2024,"FortCollins_2024",3,10,1,11,5362.32719831688
"FortCollins",2024,"FortCollins_2024",3,10,2,9,4448.68510545815
"FortCollins",2024,"FortCollins_2024",3,10,3,3,4125.2120113831
"FortCollins",2024,"FortCollins_2024",3,10,4,6,NA
"FortCollins",2024,"FortCollins_2024",3,10,5,18,3720.51166088232
"FortCollins",2024,"FortCollins_2024",3,10,6,7,3238.25904412046
"FortCollins",2024,"FortCollins_2024",3,10,7,2,4460.36748509248
"FortCollins",2024,"FortCollins_2024",3,10,8,14,3318.91364370564
"FortCollins",2024,"FortCollins_2024",3,10,9,9,NA
"FortCollins",2024,"FortCollins_2024",3,10,10,17,4360.13630965705
"FortCollins",2024,"FortCollins_2024",3,11,1,13,5579.29048434416
"FortCollins",2024,"FortCollins_2024",3,11,2,7,5127.81225572291
"FortCollins",2024,"FortCollins_2024",3,11,3,1,5170.15626356223
"FortCollins",2024,"FortCollins_2024",3,11,4,5,5172.78359525988
"FortCollins",2024,"FortCollins_2024",3,11,5,3,3926.69859591756
"FortCollins",2024,"FortCollins_2024",3,11,6,8,NA
"FortCollins",2024,"FortCollins_2024",3,11,7,16,3978.72198915168
"FortCollins",2024,"FortCollins_2024",3,11,8,1,4169.78576632537
"FortCollins",2024,"FortCollins_2024",3,11,9,13,NA
"FortCollins",2024,"FortCollins_2024",3,11,10,10,4002.36461838542
"FortCollins",2024,"FortCollins_2024",3,12,1,14,4809.27282855722
"FortCollins",2024,"FortCollins_2024",3,12,2,2,NA
"FortCollins",2024,"FortCollins_2024",3,12,3,10,4002.35742342663
"FortCollins",2024,"FortCollins_2024",3,12,4,20,5000.2476823307
"FortCollins",2024,"FortCollins_2024",3,12,5,18,NA
"FortCollins",2024,"FortCollins_2024",3,12,6,19,3945.88038847521
"FortCollins",2024,"FortCollins_2024",3,12,7,19,3785.28878810458
"FortCollins",2024,"FortCollins_2024",3,12,8,17,4290.75208317802
"FortCollins",2024,"FortCollins_2024",3,12,9,12,3375.49843744848
"FortCollins",2024,"FortCollins_2024",3,12,10,4,3939.33637160384
"FortCollins",2024,"FortCollins_2024",4,13,1,2,4978.84920203139
"FortCollins",2024,"FortCollins_2024",4,13,2,12,4656.06577637822
"FortCollins",2024,"FortCollins_2024",4,13,3,15,NA
"FortCollins",2024,"FortCollins_2024",4,13,4,3,4223.16593409315
"FortCollins",2024,"FortCollins_2024",4,13,5,4,4377.48998523757
"FortCollins",2024,"FortCollins_2024",4,13,6,3,3921.52639042866
"FortCollins",2024,"FortCollins_2024",4,13,7,2,4803.67126847248
"FortCollins",2024,"FortCollins_2024",4,13,8,6,NA
"FortCollins",2024,"FortCollins_2024",4,13,9,5,4248.84999174012
"FortCollins",2024,"FortCollins_2024",4,13,10,13,NA
"FortCollins",2024,"FortCollins_2024",4,14,1,20,4859.67560283353
"FortCollins",2024,"FortCollins_2024",4,14,2,5,3944.25196727724
"FortCollins",2024,"FortCollins_2024",4,14,3,9,4665.58607020308
"FortCollins",2024,"FortCollins_2024",4,14,4,7,4544.52813138669
"FortCollins",2024,"FortCollins_2024",4,14,5,18,NA
"FortCollins",2024,"FortCollins_2024",4,14,6,11,5063.61886772257
"FortCollins",2024,"FortCollins_2024",4,14,7,9,NA
"FortCollins",2024,"FortCollins_2024",4,14,8,19,3812.96655147206
"FortCollins",2024,"FortCollins_2024",4,14,9,7,4115.32806172579
"FortCollins",2024,"FortCollins_2024",4,14,10,17,NA
"FortCollins",2024,"FortCollins_2024",4,15,1,11,5223.53354729627
"FortCollins",2024,"FortCollins_2024",4,15,2,1,4214.50107773128
"FortCollins",2024,"FortCollins_2024",4,15,3,6,NA
"FortCollins",2024,"FortCollins_2024",4,15,4,17,NA
"FortCollins",2024,"FortCollins_2024",4,15,5,10,4290.52860688601
"FortCollins",2024,"FortCollins_2024",4,15,6,12,NA
"FortCollins",2024,"FortCollins_2024",4,15,7,8,3757.11449912307
"FortCollins",2024,"FortCollins_2024",4,15,8,14,3739.70550781106
"FortCollins",2024,"FortCollins_2024",4,15,9,16,3948.39953761016
"FortCollins",2024,"FortCollins_2024",4,15,10,4,3185.29807414459
"FortCollins",2024,"FortCollins_2024",4,16,1,8,3680.61038579372
"FortCollins",2024,"FortCollins_2024",4,16,2,16,4168.21713473156
"FortCollins",2024,"FortCollins_2024",4,16,3,10,4446.89089843026
"FortCollins",2024,"FortCollins_2024",4,16,4,13,4940.68345965842
"FortCollins",2024,"FortCollins_2024",4,16,5,14,3877.96640760679
"FortCollins",2024,"FortCollins_2024",4,16,6,15,3794.71804628474
"FortCollins",2024,"FortCollins_2024",4,16,7,20,4652.9429114162
"FortCollins",2024,"FortCollins_2024",4,16,8,18,4095.31963614243
"FortCollins",2024,"FortCollins_2024",4,16,9,19,3337.23709443271
"FortCollins",2024,"FortCollins_2024",4,16,10,1,3567.57525115104
"Akron",2024,"Akron_2024",1,1,1,2,4605.25964824412
"Akron",2024,"Akron_2024",1,1,2,18,4510.22344943809
"Akron",2024,"Akron_2024",1,1,3,11,5286.96522637655
"Akron",2024,"Akron_2024",1,1,4,13,5218.05151093913
"Akron",2024,"Akron_2024",1,1,5,5,NA
"Akron",2024,"Akron_2024",1,1,6,15,4897.67155390017
"Akron",2024,"Akron_2024",1,1,7,1,4572.97812324367
"Akron",2024,"Akron_2024",1,1,8,19,4318.71787264614
"Akron",2024,"Akron_2024",1,1,9,4,3984.00734241756
"Akron",2024,"Akron_2024",1,1,10,10,4003.83141191579
"Akron",2024,"Akron_2024",1,2,1,13,5816.45755424024
"Akron",2024,"Akron_2024",1,2,2,16,4879.40795686465
"Akron",2024,"Akron_2024",1,2,3,10,5111.2786651856
"Akron",2024,"Akron_2024",1,2,4,14,5071.62679975593
"Akron",2024,"Akron_2024",1,2,5,17,5757.83430254025
"Akron",2024,"Akron_2024",1,2,6,7,5488.68199195939
"Akron",2024,"Akron_2024",1,2,7,8,4651.8501545825
"Akron",2024,"Akron_2024",1,2,8,12,4451.99247395769
"Akron",2024,"Akron_2024",1,2,9,18,3653.74221673199
"Akron",2024,"Akron_2024",1,2,10,17,4167.22897572128
"Akron",2024,"Akron_2024",1,3,1,12,5534.80866771763
"Akron",2024,"Akron_2024",1,3,2,11,6457.57905124316
"Akron",2024,"Akron_2024",1,3,3,19,5857.9813009478
"Akron",2024,"Akron_2024",1,3,4,3,5079.4298366653
"Akron",2024,"Akron_2024",1,3,5,7,5059.15914396317
"Akron",2024,"Akron_2024",1,3,6,6,5051.46351088907
"Akron",2024,"Akron_2024",1,3,7,4,NA
"Akron",2024,"Akron_2024",1,3,8,6,4692.26623645087
"Akron",2024,"Akron_2024",1,3,9,1,NA
"Akron",2024,"Akron_2024",1,3,10,16,4782.27324322142
"Akron",2024,"Akron_2024",1,4,1,3,5326.00461788178
"Akron",2024,"Akron_2024",1,4,2,2,NA
"Akron",2024,"Akron_2024",1,4,3,8,NA
"Akron",2024,"Akron_2024",1,4,4,9,5073.31843048806
"Akron",2024,"Akron_2024",1,4,5,15,4748.89282557436
"Akron",2024,"Akron_2024",1,4,6,20,5550.15468541138
"Akron",2024,"Akron_2024",1,4,7,9,5332.4614945053
"Akron",2024,"Akron_2024",1,4,8,14,4626.11546838324
"Akron",2024,"Akron_2024",1,4,9,20,4616.2000857911
"Akron",2024,"Akron_2024",1,4,10,5,4055.83633629312
"Akron",2024,"Akron_2024",2,5,1,8,NA
"Akron",2024,"Akron_2024",2,5,2,13,5411.20856600202
"Akron",2024,"Akron_2024",2,5,3,2,5233.309836799
"Akron",2024,"Akron_2024",2,5,4,8,4869.99721823959
"Akron",2024,"Akron_2024",2,5,5,18,NA
"Akron",2024,"Akron_2024",2,5,6,12,5020.39536686333
"Akron",2024,"Akron_2024",2,5,7,19,5019.46377116735
"Akron",2024,"Akron_2024",2,5,8,14,3927.193330694
"Akron",2024,"Akron_2024",2,5,9,18,NA
"Akron",2024,"Akron_2024",2,5,10,20,NA
"Akron",2024,"Akron_2024",2,6,1,1,5264.70900030477
"Akron",2024,"Akron_2024",2,6,2,11,5594.07036818543
"Akron",2024,"Akron_2024",2,6,3,15,4745.56690847286
"Akron",2024,"Akron_2024",2,6,4,3,5185.11110451689
"Akron",2024,"Akron_2024",2,6,5,14,4104.82358192207
"Akron",2024,"Akron_2024",2,6,6,6,4563.99438922197
"Akron",2024,"Akron_2024",2,6,7,4,NA
"Akron",2024,"Akron_2024",2,6,8,9,4845.96458435451
"Akron",2024,"Akron_2024",2,6,9,3,4230.71262997923
"Akron",2024,"Akron_2024",2,6,10,9,NA
"Akron",2024,"Akron_2024",2,7,1,17,NA
"Akron",2024,"Akron_2024",2,7,2,15,4996.49749628851
"Akron",2024,"Akron_2024",2,7,3,10,4985.10622783902
"Akron",2024,"Akron_2024",2,7,4,7,5388.75599950421
"Akron",2024,"Akron_2024",2,7,5,4,NA
"Akron",2024,"Akron_2024",2,7,6,11,5326.92785519452
"Akron",2024,"Akron_2024",2,7,7,1,4205.61102806709
"Akron",2024,"Akron_2024",2,7,8,20,4665.01226802344
"Akron",2024,"Akron_2024",2,7,9,5,NA
"Akron",2024,"Akron_2024",2,7,10,7,4399.2569759323
"Akron",2024,"Akron_2024",2,8,1,10,4067.53644959464
"Akron",2024,"Akron_2024",2,8,2,16,NA
"Akron",2024,"Akron_2024",2,8,3,12,4479.77805003069
"Akron",2024,"Akron_2024",2,8,4,13,4712.6547592576
"Akron",2024,"Akron_2024",2,8,5,2,5079.73227557446
"Akron",2024,"Akron_2024",2,8,6,17,4989.98724862411
"Akron",2024,"Akron_2024",2,8,7,6,4527.99772749272
"Akron",2024,"Akron_2024",2,8,8,5,4773.98399359813
"Akron",2024,"Akron_2024",2,8,9,16,4684.371687742
"Akron",2024,"Akron_2024",2,8,10,19,4127.38484294501
"Akron",2024,"Akron_2024",3,9,1,5,NA
"Akron",2024,"Akron_2024",3,9,2,5,4471.87908051178
"Akron",2024,"Akron_2024",3,9,3,12,5121.82480719325
"Akron",2024,"Akron_2024",3,9,4,10,4613.23380757
"Akron",2024,"Akron_2024",3,9,5,17,4502.6067526083
"Akron",2024,"Akron_2024",3,9,6,2,NA
"Akron",2024,"Akron_2024",3,9,7,19,3843.03670730145
"Akron",2024,"Akron_2024",3,9,8,15,4676.26790635302
"Akron",2024,"Akron_2024",3,9,9,9,4387.60799237051
"Akron",2024,"Akron_2024",3,9,10,6,5550.86483481812
"Akron",2024,"Akron_2024",3,10,1,7,4062.99513647491
"Akron",2024,"Akron_2024",3,10,2,15,4179.20837412185
"Akron",2024,"Akron_2024",3,10,3,19,3778.97761700466
"Akron",2024,"Akron_2024",3,10,4,14,NA
"Akron",2024,"Akron_2024",3,10,5,16,4455.40031052078
"Akron",2024,"Akron_2024",3,10,6,20,4434.9466291804
"Akron",2024,"Akron_2024",3,10,7,8,NA
"Akron",2024,"Akron_2024",3,10,8,13,NA
"Akron",2024,"Akron_2024",3,10,9,4,NA
"Akron",2024,"Akron_2024",3,10,10,16,NA
"Akron",2024,"Akron_2024",3,11,1,3,3501.50806050499
"Akron",2024,"Akron_2024",3,11,2,17,NA
"Akron",2024,"Akron_2024",3,11,3,10,3720.98687123546
"Akron",2024,"Akron_2024",3,11,4,14,3865.33843902052
"Akron",2024,"Akron_2024",3,11,5,6,2584.3063357096
"Akron",2024,"Akron_2024",3,11,6,11,3941.42042849969
"Akron",2024,"Akron_2024",3,11,7,11,4718.02575923781
"Akron",2024,"Akron_2024",3,11,8,18,4004.87404742117
"Akron",2024,"Akron_2024",3,11,9,18,3517.25701866747
"Akron",2024,"Akron_2024",3,11,10,9,4072.76831137622
"Akron",2024,"Akron_2024",3,12,1,3,4025.19513606531
"Akron",2024,"Akron_2024",3,12,2,1,3968.84488854791
"Akron",2024,"Akron_2024",3,12,3,2,NA
"Akron",2024,"Akron_2024",3,12,4,1,3619.7351444935
"Akron",2024,"Akron_2024",3,12,5,4,3732.20260583355
"Akron",2024,"Akron_2024",3,12,6,13,4346.09498473017
"Akron",2024,"Akron_2024",3,12,7,20,4102.3088308814
"Akron",2024,"Akron_2024",3,12,8,12,NA
"Akron",2024,"Akron_2024",3,12,9,7,4558.39840911142
"Akron",2024,"Akron_2024",3,12,10,8,4320.22862588457
"Akron",2024,"Akron_2024",4,13,1,2,NA
"Akron",2024,"Akron_2024",4,13,2,15,4571.3165970744
"Akron",2024,"Akron_2024",4,13,3,14,3741.42719429056
"Akron",2024,"Akron_2024",4,13,4,17,3934.63112420603
"Akron",2024,"Akron_2024",4,13,5,13,NA
"Akron",2024,"Akron_2024",4,13,6,19,3910.44175097985
"Akron",2024,"Akron_2024",4,13,7,12,4716.10750536705
"Akron",2024,"Akron_2024",4,13,8,9,4710.4436476891
"Akron",2024,"Akron_2024",4,13,9,7,4249.45195504917
"Akron",2024,"Akron_2024",4,13,10,2,4698.05979694706
"Akron",2024,"Akron_2024",4,14,1,8,3452.24853417214
"Akron",2024,"Akron_2024",4,14,2,4,NA
"Akron",2024,"Akron_2024",4,14,3,3,3375.24202107375
"Akron",2024,"Akron_2024",4,14,4,1,4204.2162970872
"Akron",2024,"Akron_2024",4,14,5,6,3765.30920701518
"Akron",2024,"Akron_2024",4,14,6,11,4204.90857866699
"Akron",2024,"Akron_2024",4,14,7,10,4493.04934466037
"Akron",2024,"Akron_2024",4,14,8,18,NA
"Akron",2024,"Akron_2024",4,14,9,13,5206.79055219317
"Akron",2024,"Akron_2024",4,14,10,11,5517.54313406957
"Akron",2024,"Akron_2024",4,15,1,20,4877.90546811738
"Akron",2024,"Akron_2024",4,15,2,8,4661.38720648816
"Akron",2024,"Akron_2024",4,15,3,14,4687.76012238897
"Akron",2024,"Akron_2024",4,15,4,16,5317.25326832747
"Akron",2024,"Akron_2024",4,15,5,7,4661.70992512073
"Akron",2024,"Akron_2024",4,15,6,20,4677.57355908238
"Akron",2024,"Akron_2024",4,15,7,1,4207.73120310359
"Akron",2024,"Akron_2024",4,15,8,17,4177.71537340206
"Akron",2024,"Akron_2024",4,15,9,10,NA
"Akron",2024,"Akron_2024",4,15,10,16,4229.80433637076
"Akron",2024,"Akron_2024",4,16,1,5,5596.97771561152
"Akron",2024,"Akron_2024",4,16,2,5,NA
"Akron",2024,"Akron_2024",4,16,3,15,5301.54221509972
"Akron",2024,"Akron_2024",4,16,4,4,NA
"Akron",2024,"Akron_2024",4,16,5,18,4894.36169402393
"Akron",2024,"Akron_2024",4,16,6,6,5168.48066702979
"Akron",2024,"Akron_2024",4,16,7,12,5130.97373615589
"Akron",2024,"Akron_2024",4,16,8,3,4874.32070813772
"Akron",2024,"Akron_2024",4,16,9,19,4679.39979179551
"Akron",2024,"Akron_2024",4,16,10,9,4988.94288862486
"RockyFord",2024,"RockyFord_2024",1,1,1,13,5391.30515470236
"RockyFord",2024,"RockyFord_2024",1,1,2,14,4309.92061579164
"RockyFord",2024,"RockyFord_2024",1,1,3,1,4832.31884564414
"RockyFord",2024,"RockyFord_2024",1,1,4,6,5091.7547090385
"RockyFord",2024,"RockyFord_2024",1,1,5,19,5376.61939438745
"RockyFord",2024,"RockyFord_2024",1,1,6,3,5130.42227179131
"RockyFord",2024,"RockyFord_2024",1,1,7,8,4827.00237399087
"RockyFord",2024,"RockyFord_2024",1,1,8,2,5564.91871756707
"RockyFord",2024,"RockyFord_2024",1,1,9,4,4452.28404202153
"RockyFord",2024,"RockyFord_2024",1,1,10,17,4832.07395407821
"RockyFord",2024,"RockyFord_2024",1,2,1,16,4906.58851466987
"RockyFord",2024,"RockyFord_2024",1,2,2,10,3918.96771761985
"RockyFord",2024,"RockyFord_2024",1,2,3,11,5290.37749892513
"RockyFord",2024,"RockyFord_2024",1,2,4,3,4509.9578211364
"RockyFord",2024,"RockyFord_2024",1,2,5,18,NA
"RockyFord",2024,"RockyFord_2024",1,2,6,7,4347.99399450957
"RockyFord",2024,"RockyFord_2024",1,2,7,20,4824.75553465418
"RockyFord",2024,"RockyFord_2024",1,2,8,2,4586.54616527594
"RockyFord",2024,"RockyFord_2024",1,2,9,5,4334.2443332033
"RockyFord",2024,"RockyFord_2024",1,2,10,11,5384.64443858961
"RockyFord",2024,"RockyFord_2024",1,3,1,13,4162.70544223746
"RockyFord",2024,"RockyFord_2024",1,3,2,15,3636.57206092805
"RockyFord",2024,"RockyFord_2024",1,3,3,16,4913.86200152323
"RockyFord",2024,"RockyFord_2024",1,3,4,17,NA
"RockyFord",2024,"RockyFord_2024",1,3,5,9,NA
"RockyFord",2024,"RockyFord_2024",1,3,6,4,4863.51281614607
"RockyFord",2024,"RockyFord_2024",1,3,7,12,4507.3092424321
"RockyFord",2024,"RockyFord_2024",1,3,8,20,4743.15918771129
"RockyFord",2024,"RockyFord_2024",1,3,9,6,5053.65249122019
"RockyFord",2024,"RockyFord_2024",1,3,10,12,4855.81713500717
"RockyFord",2024,"RockyFord_2024",1,4,1,7,NA
"RockyFord",2024,"RockyFord_2024",1,4,2,18,4166.19000318045
"RockyFord",2024,"RockyFord_2024",1,4,3,15,3776.74795286145
"RockyFord",2024,"RockyFord_2024",1,4,4,9,3981.44255040313
"RockyFord",2024,"RockyFord_2024",1,4,5,19,5086.35233907172
"RockyFord",2024,"RockyFord_2024",1,4,6,10,NA
"RockyFord",2024,"RockyFord_2024",1,4,7,8,NA
"RockyFord",2024,"RockyFord_2024",1,4,8,1,NA
"RockyFord",2024,"RockyFord_2024",1,4,9,14,4526.356956383
"RockyFord",2024,"RockyFord_2024",1,4,10,5,NA
"RockyFord",2024,"RockyFord_2024",2,5,1,8,4343.69351558486
"RockyFord",2024,"RockyFord_2024",2,5,2,9,4379.05133319162
"RockyFord",2024,"RockyFord_2024",2,5,3,6,NA
"RockyFord",2024,"RockyFord_2024",2,5,4,7,4439.46651788459
"RockyFord",2024,"RockyFord_2024",2,5,5,17,4501.65890398774
"RockyFord",2024,"RockyFord_2024",2,5,6,17,5079.85658354729
"RockyFord",2024,"RockyFord_2024",2,5,7,11,5749.26366453569
"RockyFord",2024,"RockyFord_2024",2,5,8,6,4963.1030108297
"RockyFord",2024,"RockyFord_2024",2,5,9,12,4630.11391912813
"RockyFord",2024,"RockyFord_2024",2,5,10,15,4899.20626967536
"RockyFord",2024,"RockyFord_2024",2,6,1,9,5357.54627267805
"RockyFord",2024,"RockyFord_2024",2,6,2,16,4679.77737996613
"RockyFord",2024,"RockyFord_2024",2,6,3,14,NA
"RockyFord",2024,"RockyFord_2024",2,6,4,5,4598.6634637519
"RockyFord",2024,"RockyFord_2024",2,6,5,3,NA
"RockyFord",2024,"RockyFord_2024",2,6,6,1,4655.44222025366
"RockyFord",2024,"RockyFord_2024",2,6,7,20,4680.21507505292
"RockyFord",2024,"RockyFord_2024",2,6,8,10,4037.05045685539
"RockyFord",2024,"RockyFord_2024",2,6,9,4,NA
"RockyFord",2024,"RockyFord_2024",2,6,10,18,4506.97279388132
"RockyFord",2024,"RockyFord_2024",2,7,1,16,5050.62049809542
"RockyFord",2024,"RockyFord_2024",2,7,2,13,4687.52277360111
"RockyFord",2024,"RockyFord_2024",2,7,3,3,3605.3471552815
"RockyFord",2024,"RockyFord_2024",2,7,4,4,3807.1234842539
"RockyFord",2024,"RockyFord_2024",2,7,5,2,4046.32390156973
"RockyFord",2024,"RockyFord_2024",2,7,6,14,3899.37692838719
"RockyFord",2024,"RockyFord_2024",2,7,7,15,4076.40919876541
"RockyFord",2024,"RockyFord_2024",2,7,8,1,4407.88319001515
"RockyFord",2024,"RockyFord_2024",2,7,9,10,4588.38407353604
"RockyFord",2024,"RockyFord_2024",2,7,10,19,4587.33415014595
"RockyFord",2024,"RockyFord_2024",2,8,1,13,4070.72528595482
"RockyFord",2024,"RockyFord_2024",2,8,2,12,4078.32609200758
"RockyFord",2024,"RockyFord_2024",2,8,3,19,3778.52293844405
"RockyFord",2024,"RockyFord_2024",2,8,4,11,4923.66936991241
"RockyFord",2024,"RockyFord_2024",2,8,5,5,4454.43293100627
"RockyFord",2024,"RockyFord_2024",2,8,6,7,NA
"RockyFord",2024,"RockyFord_2024",2,8,7,20,5623.30598090484
"RockyFord",2024,"RockyFord_2024",2,8,8,18,4087.08783022502
"RockyFord",2024,"RockyFord_2024",2,8,9,8,4109.85176335563
"RockyFord",2024,"RockyFord_2024",2,8,10,2,4298.7937658629
"RockyFord",2024,"RockyFord_2024",3,9,1,10,4259.67025923094
"RockyFord",2024,"RockyFord_2024",3,9,2,15,4188.05748354444
"RockyFord",2024,"RockyFord_2024",3,9,3,16,3983.79245047503
"RockyFord",2024,"RockyFord_2024",3,9,4,5,3503.54931964994
"RockyFord",2024,"RockyFord_2024",3,9,5,9,3910.11297604956
"RockyFord",2024,"RockyFord_2024",3,9,6,13,NA
"RockyFord",2024,"RockyFord_2024",3,9,7,19,3844.44513240703
"RockyFord",2024,"RockyFord_2024",3,9,8,3,3724.70386910168
"RockyFord",2024,"RockyFord_2024",3,9,9,12,NA
"RockyFord",2024,"RockyFord_2024",3,9,10,20,3842.23124143836
"RockyFord",2024,"RockyFord_2024",3,10,1,18,4230.93741570513
"RockyFord",2024,"RockyFord_2024",3,10,2,3,NA
"RockyFord",2024,"RockyFord_2024",3,10,3,8,NA
"RockyFord",2024,"RockyFord_2024",3,10,4,8,3492.31790505036
"RockyFord",2024,"RockyFord_2024",3,10,5,6,3489.17645077596
"RockyFord",2024,"RockyFord_2024",3,10,6,18,3766.29476962886
"RockyFord",2024,"RockyFord_2024",3,10,7,4,3535.44015940869
"RockyFord",2024,"RockyFord_2024",3,10,8,12,NA
"RockyFord",2024,"RockyFord_2024",3,10,9,4,4053.66141845445
"RockyFord",2024,"RockyFord_2024",3,10,10,19,NA
"RockyFord",2024,"RockyFord_2024",3,11,1,16,NA
"RockyFord",2024,"RockyFord_2024",3,11,2,7,4085.03030330325
"RockyFord",2024,"RockyFord_2024",3,11,3,6,3968.00601361277
"RockyFord",2024,"RockyFord_2024",3,11,4,2,4310.96618607949
"RockyFord",2024,"RockyFord_2024",3,11,5,17,3528.00633647024
"RockyFord",2024,"RockyFord_2024",3,11,6,15,3405.6221442613
"RockyFord",2024,"RockyFord_2024",3,11,7,1,3680.71937250726
"RockyFord",2024,"RockyFord_2024",3,11,8,9,3611.41381003205
"RockyFord",2024,"RockyFord_2024",3,11,9,13,4419.9010253111
"RockyFord",2024,"RockyFord_2024",3,11,10,11,4266.1717251136
"RockyFord",2024,"RockyFord_2024",3,12,1,5,3763.23350183671
"RockyFord",2024,"RockyFord_2024",3,12,2,7,NA
"RockyFord",2024,"RockyFord_2024",3,12,3,11,3829.2458940942
"RockyFord",2024,"RockyFord_2024",3,12,4,20,3712.95234188703
"RockyFord",2024,"RockyFord_2024",3,12,5,1,3061.78084180224
"RockyFord",2024,"RockyFord_2024",3,12,6,17,3337.42790907545
"RockyFord",2024,"RockyFord_2024",3,12,7,10,3531.25397357354
"RockyFord",2024,"RockyFord_2024",3,12,8,14,3651.17572846119
"RockyFord",2024,"RockyFord_2024",3,12,9,14,NA
"RockyFord",2024,"RockyFord_2024",3,12,10,2,3938.56066948263
"RockyFord",2024,"RockyFord_2024",4,13,1,12,3566.67900800349
"RockyFord",2024,"RockyFord_2024",4,13,2,20,3413.64375550668
"RockyFord",2024,"RockyFord_2024",4,13,3,15,2831.13696744444
"RockyFord",2024,"RockyFord_2024",4,13,4,18,NA
"RockyFord",2024,"RockyFord_2024",4,13,5,13,4059.58320979464
"RockyFord",2024,"RockyFord_2024",4,13,6,12,3440.05391329301
"RockyFord",2024,"RockyFord_2024",4,13,7,17,4121.97649984192
"RockyFord",2024,"RockyFord_2024",4,13,8,17,3628.30951186705
"RockyFord",2024,"RockyFord_2024",4,13,9,8,NA
"RockyFord",2024,"RockyFord_2024",4,13,10,16,NA
"RockyFord",2024,"RockyFord_2024",4,14,1,10,2113.485310754
"RockyFord",2024,"RockyFord_2024",4,14,2,4,3031.57763875753
"RockyFord",2024,"RockyFord_2024",4,14,3,8,2869.94447137059
"RockyFord",2024,"RockyFord_2024",4,14,4,5,NA
"RockyFord",2024,"RockyFord_2024",4,14,5,6,NA
"RockyFord",2024,"RockyFord_2024",4,14,6,15,3968.24584002572
"RockyFord",2024,"RockyFord_2024",4,14,7,7,NA
"RockyFord",2024,"RockyFord_2024",4,14,8,3,4581.83800104734
"RockyFord",2024,"RockyFord_2024",4,14,9,19,4407.95752556789
"RockyFord",2024,"RockyFord_2024",4,14,10,1,4751.21918732143
"RockyFord",2024,"RockyFord_2024",4,15,1,3,NA
"RockyFord",2024,"RockyFord_2024",4,15,2,16,4248.01780223286
"RockyFord",2024,"RockyFord_2024",4,15,3,14,NA
"RockyFord",2024,"RockyFord_2024",4,15,4,13,4480.25976843654
"RockyFord",2024,"RockyFord_2024",4,15,5,2,4250.55768135049
"RockyFord",2024,"RockyFord_2024",4,15,6,11,4128.88187006037
"RockyFord",2024,"RockyFord_2024",4,15,7,11,4964.39646540211
"RockyFord",2024,"RockyFord_2024",4,15,8,18,NA
"RockyFord",2024,"RockyFord_2024",4,15,9,10,5023.64110679677
"RockyFord",2024,"RockyFord_2024",4,15,10,6,4799.29220658924
"RockyFord",2024,"RockyFord_2024",4,16,1,19,3929.82012344469
"RockyFord",2024,"RockyFord_2024",4,16,2,1,3953.62959535009
"RockyFord",2024,"RockyFord_2024",4,16,3,9,3731.42010245572
"RockyFord",2024,"RockyFord_2024",4,16,4,9,3655.70514209293
"RockyFord",2024,"RockyFord_2024",4,16,5,5,3280.40392089821
"RockyFord",2024,"RockyFord_2024",4,16,6,20,NA
"RockyFord",2024,"RockyFord_2024",4,16,7,4,3311.5976815909
"RockyFord",2024,"RockyFord_2024",4,16,8,14,3315.08130292253
"RockyFord",2024,"RockyFord_2024",4,16,9,2,4452.32246546758
"RockyFord",2024,"RockyFord_2024",4,16,10,7,5042.90160088486
"FortCollins",2025,"FortCollins_2025",1,1,1,1,3830.90773871938
"FortCollins",2025,"FortCollins_2025",1,1,2,14,3488.46147806666
"FortCollins",2025,"FortCollins_2025",1,1,3,11,NA
"FortCollins",2025,"FortCollins_2025",1,1,4,1,4386.2026087925
"FortCollins",2025,"FortCollins_2025",1,1,5,3,3928.81548336192
"FortCollins",2025,"FortCollins_2025",1,1,6,17,4562.00487934612
"FortCollins",2025,"FortCollins_2025",1,1,7,12,3935.87187647025
"FortCollins",2025,"FortCollins_2025",1,1,8,7,NA
"FortCollins",2025,"FortCollins_2025",1,1,9,18,5294.69271606803
"FortCollins",2025,"FortCollins_2025",1,1,10,2,5127.62899045564
"FortCollins",2025,"FortCollins_2025",1,2,1,13,3888.5354274848
"FortCollins",2025,"FortCollins_2025",1,2,2,20,4459.41052740879
"FortCollins",2025,"FortCollins_2025",1,2,3,4,3612.11565247694
"FortCollins",2025,"FortCollins_2025",1,2,4,15,3728.15129487243
"FortCollins",2025,"FortCollins_2025",1,2,5,20,NA
"FortCollins",2025,"FortCollins_2025",1,2,6,6,4130.40186890157
"FortCollins",2025,"FortCollins_2025",1,2,7,5,NA
"FortCollins",2025,"FortCollins_2025",1,2,8,14,4370.8639974219
"FortCollins",2025,"FortCollins_2025",1,2,9,8,4825.48510778241
"FortCollins",2025,"FortCollins_2025",1,2,10,18,NA
"FortCollins",2025,"FortCollins_2025",1,3,1,10,3903.09110558398
"FortCollins",2025,"FortCollins_2025",1,3,2,7,4193.63301938833
"FortCollins",2025,"FortCollins_2025",1,3,3,12,3774.2145734308
"FortCollins",2025,"FortCollins_2025",1,3,4,3,3014.77209218036
"FortCollins",2025,"FortCollins_2025",1,3,5,19,NA
"FortCollins",2025,"FortCollins_2025",1,3,6,5,3695.80948010658
"FortCollins",2025,"FortCollins_2025",1,3,7,17,NA
"FortCollins",2025,"FortCollins_2025",1,3,8,6,3466.23776915649
"FortCollins",2025,"FortCollins_2025",1,3,9,8,4114.88036685737
"FortCollins",2025,"FortCollins_2025",1,3,10,11,5092.72782400845
"FortCollins",2025,"FortCollins_2025",1,4,1,9,3377.19786799903
"FortCollins",2025,"FortCollins_2025",1,4,2,15,NA
"FortCollins",2025,"FortCollins_2025",1,4,3,16,NA
"FortCollins",2025,"FortCollins_2025",1,4,4,16,NA
"FortCollins",2025,"FortCollins_2025",1,4,5,19,3519.54237410636
"FortCollins",2025,"FortCollins_2025",1,4,6,10,NA
"FortCollins",2025,"FortCollins_2025",1,4,7,13,3727.9760600773
"FortCollins",2025,"FortCollins_2025",1,4,8,2,NA
"FortCollins",2025,"FortCollins_2025",1,4,9,9,4417.99183330337
"FortCollins",2025,"FortCollins_2025",1,4,10,4,NA
"FortCollins",2025,"FortCollins_2025",2,5,1,6,4226.5656889115
"FortCollins",2025,"FortCollins_2025",2,5,2,2,4129.17904132773
"FortCollins",2025,"FortCollins_2025",2,5,3,13,3796.58528279916
"FortCollins",2025,"FortCollins_2025",2,5,4,17,3650.41233662211
"FortCollins",2025,"FortCollins_2025",2,5,5,20,4231.40657554291
"FortCollins",2025,"FortCollins_2025",2,5,6,9,3852.50180256193
"FortCollins",2025,"FortCollins_2025",2,5,7,20,4129.86407756332
"FortCollins",2025,"FortCollins_2025",2,5,8,10,3999.1404920174
"FortCollins",2025,"FortCollins_2025",2,5,9,4,4456.472981777
"FortCollins",2025,"FortCollins_2025",2,5,10,13,NA
"FortCollins",2025,"FortCollins_2025",2,6,1,9,2996.73261660025
"FortCollins",2025,"FortCollins_2025",2,6,2,16,3581.64212899594
"FortCollins",2025,"FortCollins_2025",2,6,3,15,3464.81575440217
"FortCollins",2025,"FortCollins_2025",2,6,4,7,3464.22029057259
"FortCollins",2025,"FortCollins_2025",2,6,5,14,2829.22414440587
"FortCollins",2025,"FortCollins_2025",2,6,6,5,NA
"FortCollins",2025,"FortCollins_2025",2,6,7,5,3706.56188584083
"FortCollins",2025,"FortCollins_2025",2,6,8,8,NA
"FortCollins",2025,"FortCollins_2025",2,6,9,14,3632.61235729056
"FortCollins",2025,"FortCollins_2025",2,6,10,18,NA
"FortCollins",2025,"FortCollins_2025",2,7,1,6,3484.39432555358
"FortCollins",2025,"FortCollins_2025",2,7,2,1,3785.34300992584
"FortCollins",2025,"FortCollins_2025",2,7,3,11,3965.65755918942
"FortCollins",2025,"FortCollins_2025",2,7,4,10,3428.01237233742
"FortCollins",2025,"FortCollins_2025",2,7,5,8,3808.9980979623
"FortCollins",2025,"FortCollins_2025",2,7,6,12,4241.50499535205
"FortCollins",2025,"FortCollins_2025",2,7,7,19,NA
"FortCollins",2025,"FortCollins_2025",2,7,8,11,4783.96850573161
"FortCollins",2025,"FortCollins_2025",2,7,9,3,3747.4186733645
"FortCollins",2025,"FortCollins_2025",2,7,10,2,5474.46072586366
"FortCollins",2025,"FortCollins_2025",2,8,1,3,4262.66097110168
"FortCollins",2025,"FortCollins_2025",2,8,2,17,4241.68193633647
"FortCollins",2025,"FortCollins_2025",2,8,3,1,4402.72051970452
"FortCollins",2025,"FortCollins_2025",2,8,4,19,4137.61414069953
"FortCollins",2025,"FortCollins_2025",2,8,5,16,4561.00807993207
"FortCollins",2025,"FortCollins_2025",2,8,6,12,4276.01882555216
"FortCollins",2025,"FortCollins_2025",2,8,7,15,3506.03605892004
"FortCollins",2025,"FortCollins_2025",2,8,8,18,4306.15450618572
"FortCollins",2025,"FortCollins_2025",2,8,9,7,4134.34161319139
"FortCollins",2025,"FortCollins_2025",2,8,10,4,3945.64745900933
"FortCollins",2025,"FortCollins_2025",3,9,1,15,4864.18351241281
"FortCollins",2025,"FortCollins_2025",3,9,2,11,4984.44493016446
"FortCollins",2025,"FortCollins_2025",3,9,3,17,5231.39749315585
"FortCollins",2025,"FortCollins_2025",3,9,4,19,4247.42241859864
"FortCollins",2025,"FortCollins_2025",3,9,5,11,5620.68219306161
"FortCollins",2025,"FortCollins_2025",3,9,6,8,4518.8780225922
"FortCollins",2025,"FortCollins_2025",3,9,7,18,NA
"FortCollins",2025,"FortCollins_2025",3,9,8,16,NA
"FortCollins",2025,"FortCollins_2025",3,9,9,5,4582.95356177072
"FortCollins",2025,"FortCollins_2025",3,9,10,9,4134.96723693096
"FortCollins",2025,"FortCollins_2025",3,10,1,12,4693.10760261061
"FortCollins",2025,"FortCollins_2025",3,10,2,6,NA
"FortCollins",2025,"FortCollins_2025",3,10,3,4,4532.27760151159
"FortCollins",2025,"FortCollins_2025",3,10,4,8,4735.38325905717
"FortCollins",2025,"FortCollins_2025",3,10,5,20,4660.40446167464
"FortCollins",2025,"FortCollins_2025",3,10,6,7,NA
"FortCollins",2025,"FortCollins_2025",3,10,7,17,4342.53305059074
"FortCollins",2025,"FortCollins_2025",3,10,8,10,4528.79417087938
"FortCollins",2025,"FortCollins_2025",3,10,9,18,4838.65404106368
"FortCollins",2025,"FortCollins_2025",3,10,10,3,NA
"FortCollins",2025,"FortCollins_2025",3,11,1,20,NA
"FortCollins",2025,"FortCollins_2025",3,11,2,7,4352.43292688336
"FortCollins",2025,"FortCollins_2025",3,11,3,13,5048.67289927563
"FortCollins",2025,"FortCollins_2025",3,11,4,15,4307.45540200161
"FortCollins",2025,"FortCollins_2025",3,11,5,1,NA
"FortCollins",2025,"FortCollins_2025",3,11,6,14,4161.74892140318
"FortCollins",2025,"FortCollins_2025",3,11,7,10,4298.6685389455
"FortCollins",2025,"FortCollins_2025",3,11,8,2,4859.22878945821
"FortCollins",2025,"FortCollins_2025",3,11,9,5,4007.26214021831
"FortCollins",2025,"FortCollins_2025",3,11,10,6,4693.06058220371
"FortCollins",2025,"FortCollins_2025",3,12,1,19,4077.77945905958
"FortCollins",2025,"FortCollins_2025",3,12,2,16,4243.2414682729
"FortCollins",2025,"FortCollins_2025",3,12,3,12,4531.17619176345
"FortCollins",2025,"FortCollins_2025",3,12,4,9,NA
"FortCollins",2025,"FortCollins_2025",3,12,5,13,4922.49184970671
"FortCollins",2025,"FortCollins_2025",3,12,6,14,4380.80914680766
"FortCollins",2025,"FortCollins_2025",3,12,7,2,NA
"FortCollins",2025,"FortCollins_2025",3,12,8,4,4737.99583891254
"FortCollins",2025,"FortCollins_2025",3,12,9,1,5667.3679838922
"FortCollins",2025,"FortCollins_2025",3,12,10,3,4941.13029470889
"FortCollins",2025,"FortCollins_2025",4,13,1,14,4186.9051553911
"FortCollins",2025,"FortCollins_2025",4,13,2,2,5041.27541490558
"FortCollins",2025,"FortCollins_2025",4,13,3,19,4683.82117678634
"FortCollins",2025,"FortCollins_2025",4,13,4,17,4392.2314844655
"FortCollins",2025,"FortCollins_2025",4,13,5,4,4548.85794279236
"FortCollins",2025,"FortCollins_2025",4,13,6,1,NA
"FortCollins",2025,"FortCollins_2025",4,13,7,11,5056.1774198657
"FortCollins",2025,"FortCollins_2025",4,13,8,18,4164.53921698387
"FortCollins",2025,"FortCollins_2025",4,13,9,8,4526.78605709425
"FortCollins",2025,"FortCollins_2025",4,13,10,13,5470.26078220352
"FortCollins",2025,"FortCollins_2025",4,14,1,3,4189.19889234382
"FortCollins",2025,"FortCollins_2025",4,14,2,1,4440.62726304747
"FortCollins",2025,"FortCollins_2025",4,14,3,7,4734.39576027655
"FortCollins",2025,"FortCollins_2025",4,14,4,10,4671.11160430252
"FortCollins",2025,"FortCollins_2025",4,14,5,19,3670.48971497517
"FortCollins",2025,"FortCollins_2025",4,14,6,20,4485.07498249448
"FortCollins",2025,"FortCollins_2025",4,14,7,3,4653.69447768643
"FortCollins",2025,"FortCollins_2025",4,14,8,16,4473.37694197922
"FortCollins",2025,"FortCollins_2025",4,14,9,2,5014.34894650974
"FortCollins",2025,"FortCollins_2025",4,14,10,9,4409.806742731
"FortCollins",2025,"FortCollins_2025",4,15,1,6,3836.13396093887
"FortCollins",2025,"FortCollins_2025",4,15,2,17,NA
"FortCollins",2025,"FortCollins_2025",4,15,3,8,NA
"FortCollins",2025,"FortCollins_2025",4,15,4,20,4458.53829832552
"FortCollins",2025,"FortCollins_2025",4,15,5,16,4495.69890414949
"FortCollins",2025,"FortCollins_2025",4,15,6,10,3849.46978784525
"FortCollins",2025,"FortCollins_2025",4,15,7,18,4338.21363199584
"FortCollins",2025,"FortCollins_2025",4,15,8,13,4492.9956244025
"FortCollins",2025,"FortCollins_2025",4,15,9,6,4237.69089798419
"FortCollins",2025,"FortCollins_2025",4,15,10,5,3794.63937133019
"FortCollins",2025,"FortCollins_2025",4,16,1,14,4032.67737975063
"FortCollins",2025,"FortCollins_2025",4,16,2,11,4860.36073992939
"FortCollins",2025,"FortCollins_2025",4,16,3,15,4011.31155083695
"FortCollins",2025,"FortCollins_2025",4,16,4,4,4071.92478571862
"FortCollins",2025,"FortCollins_2025",4,16,5,7,NA
"FortCollins",2025,"FortCollins_2025",4,16,6,9,4575.36561793035
"FortCollins",2025,"FortCollins_2025",4,16,7,12,4140.30595783523
"FortCollins",2025,"FortCollins_2025",4,16,8,5,3676.42599340752
"FortCollins",2025,"FortCollins_2025",4,16,9,12,NA
"FortCollins",2025,"FortCollins_2025",4,16,10,15,4530.68650070056
"Akron",2025,"Akron_2025",1,1,1,19,3597.74958133457
"Akron",2025,"Akron_2025",1,1,2,6,NA
"Akron",2025,"Akron_2025",1,1,3,15,3888.86087102682
"Akron",2025,"Akron_2025",1,1,4,16,3719.12779030261
"Akron",2025,"Akron_2025",1,1,5,9,4174.36816578194
"Akron",2025,"Akron_2025",1,1,6,14,3821.8941929369
"Akron",2025,"Akron_2025",1,1,7,7,NA
"Akron",2025,"Akron_2025",1,1,8,6,4071.90813505054
"Akron",2025,"Akron_2025",1,1,9,17,4665.83673128121
"Akron",2025,"Akron_2025",1,1,10,4,4698.44279547803
"Akron",2025,"Akron_2025",1,2,1,5,5002.97256176711
"Akron",2025,"Akron_2025",1,2,2,3,4453.26157193362
"Akron",2025,"Akron_2025",1,2,3,3,4310.1111046937
"Akron",2025,"Akron_2025",1,2,4,14,4448.36032596721
"Akron",2025,"Akron_2025",1,2,5,20,4701.74364155852
"Akron",2025,"Akron_2025",1,2,6,13,4906.07184269757
"Akron",2025,"Akron_2025",1,2,7,11,4904.13137103522
"Akron",2025,"Akron_2025",1,2,8,12,NA
"Akron",2025,"Akron_2025",1,2,9,19,4249.89022126406
"Akron",2025,"Akron_2025",1,2,10,18,4600.78977645155
"Akron",2025,"Akron_2025",1,3,1,10,4526.60688350004
"Akron",2025,"Akron_2025",1,3,2,15,NA
"Akron",2025,"Akron_2025",1,3,3,8,3855.65480034917
"Akron",2025,"Akron_2025",1,3,4,16,4234.29017802119
"Akron",2025,"Akron_2025",1,3,5,10,4219.30057358564
"Akron",2025,"Akron_2025",1,3,6,5,4456.98256453816
"Akron",2025,"Akron_2025",1,3,7,1,4084.92293642053
"Akron",2025,"Akron_2025",1,3,8,11,4742.90042494334
"Akron",2025,"Akron_2025",1,3,9,17,NA
"Akron",2025,"Akron_2025",1,3,10,9,4759.01696247795
"Akron",2025,"Akron_2025",1,4,1,7,NA
"Akron",2025,"Akron_2025",1,4,2,4,5205.16708917695
"Akron",2025,"Akron_2025",1,4,3,13,5511.28320644732
"Akron",2025,"Akron_2025",1,4,4,20,4852.09740088929
"Akron",2025,"Akron_2025",1,4,5,1,4954.31322802802
"Akron",2025,"Akron_2025",1,4,6,12,4391.5995653995
"Akron",2025,"Akron_2025",1,4,7,2,5235.0729016425
"Akron",2025,"Akron_2025",1,4,8,18,NA
"Akron",2025,"Akron_2025",1,4,9,2,4966.030298923
"Akron",2025,"Akron_2025",1,4,10,8,3907.3165838442
"Akron",2025,"Akron_2025",2,5,1,18,5192.36443484076
"Akron",2025,"Akron_2025",2,5,2,18,NA
"Akron",2025,"Akron_2025",2,5,3,12,4927.43089831552
"Akron",2025,"Akron_2025",2,5,4,16,4990.13620463815
"Akron",2025,"Akron_2025",2,5,5,4,4757.88726095135
"Akron",2025,"Akron_2025",2,5,6,16,5478.21478731422
"Akron",2025,"Akron_2025",2,5,7,1,NA
"Akron",2025,"Akron_2025",2,5,8,8,NA
"Akron",2025,"Akron_2025",2,5,9,20,4706.594207609
"Akron",2025,"Akron_2025",2,5,10,10,3670.84547266773
"Akron",2025,"Akron_2025",2,6,1,4,5080.1960202066
"Akron",2025,"Akron_2025",2,6,2,14,NA
"Akron",2025,"Akron_2025",2,6,3,8,NA
"Akron",2025,"Akron_2025",2,6,4,1,4334.23350712395
"Akron",2025,"Akron_2025",2,6,5,15,3777.22603483735
"Akron",2025,"Akron_2025",2,6,6,11,5050.82658480717
"Akron",2025,"Akron_2025",2,6,7,5,3994.54156412171
"Akron",2025,"Akron_2025",2,6,8,14,3824.96078336705
"Akron",2025,"Akron_2025",2,6,9,19,4439.77911957173
"Akron",2025,"Akron_2025",2,6,10,10,3394.64759337137
"Akron",2025,"Akron_2025",2,7,1,3,3786.81712045833
"Akron",2025,"Akron_2025",2,7,2,17,3461.15397190288
"Akron",2025,"Akron_2025",2,7,3,9,3266.3756141465
"Akron",2025,"Akron_2025",2,7,4,5,NA
"Akron",2025,"Akron_2025",2,7,5,15,3366.73426191132
"Akron",2025,"Akron_2025",2,7,6,6,3599.23313205131
"Akron",2025,"Akron_2025",2,7,7,7,3575.09519162637
"Akron",2025,"Akron_2025",2,7,8,20,4109.5249627776
"Akron",2025,"Akron_2025",2,7,9,6,3951.85419138013
"Akron",2025,"Akron_2025",2,7,10,12,3472.1631427519
"Akron",2025,"Akron_2025",2,8,1,13,3642.30708979386
"Akron",2025,"Akron_2025",2,8,2,2,4209.96879032567
"Akron",2025,"Akron_2025",2,8,3,2,4954.41301145402
"Akron",2025,"Akron_2025",2,8,4,7,NA
"Akron",2025,"Akron_2025",2,8,5,19,4530.12825060696
"Akron",2025,"Akron_2025",2,8,6,3,4356.24945973531
"Akron",2025,"Akron_2025",2,8,7,11,4439.83587281971
"Akron",2025,"Akron_2025",2,8,8,13,4076.24866593044
"Akron",2025,"Akron_2025",2,8,9,17,4153.2536998014
"Akron",2025,"Akron_2025",2,8,10,9,3611.28195377288
"Akron",2025,"Akron_2025",3,9,1,5,3840.13364314648
"Akron",2025,"Akron_2025",3,9,2,7,4309.40562812516
"Akron",2025,"Akron_2025",3,9,3,19,4749.77721827024
"Akron",2025,"Akron_2025",3,9,4,9,4049.23431543426
"Akron",2025,"Akron_2025",3,9,5,4,4918.11126777345
"Akron",2025,"Akron_2025",3,9,6,2,4763.17381428993
"Akron",2025,"Akron_2025",3,9,7,9,4152.48301015729
"Akron",2025,"Akron_2025",3,9,8,6,NA
"Akron",2025,"Akron_2025",3,9,9,13,NA
"Akron",2025,"Akron_2025",3,9,10,13,4421.6265033218
"Akron",2025,"Akron_2025",3,10,1,12,4643.54409076271
"Akron",2025,"Akron_2025",3,10,2,16,4427.27822734498
"Akron",2025,"Akron_2025",3,10,3,14,NA
"Akron",2025,"Akron_2025",3,10,4,16,NA
"Akron",2025,"Akron_2025",3,10,5,10,5529.28557696957
"Akron",2025,"Akron_2025",3,10,6,5,5176.29098500396
"Akron",2025,"Akron_2025",3,10,7,15,4540.33981103443
"Akron",2025,"Akron_2025",3,10,8,4,4758.11430536685
"Akron",2025,"Akron_2025",3,10,9,8,NA
"Akron",2025,"Akron_2025",3,10,10,10,3452.89849319842
"Akron",2025,"Akron_2025",3,11,1,14,3569.63758827988
"Akron",2025,"Akron_2025",3,11,2,11,NA
"Akron",2025,"Akron_2025",3,11,3,18,4099.27102508084
"Akron",2025,"Akron_2025",3,11,4,19,4985.329703913
"Akron",2025,"Akron_2025",3,11,5,12,5639.50438056593
"Akron",2025,"Akron_2025",3,11,6,17,5308.63156395235
"Akron",2025,"Akron_2025",3,11,7,1,5195.71294895622
"Akron",2025,"Akron_2025",3,11,8,3,4304.9285750968
"Akron",2025,"Akron_2025",3,11,9,8,NA
"Akron",2025,"Akron_2025",3,11,10,20,4989.20732795257
"Akron",2025,"Akron_2025",3,12,1,17,4987.00882267318
"Akron",2025,"Akron_2025",3,12,2,7,5195.3156087974
"Akron",2025,"Akron_2025",3,12,3,1,5107.7072415711
"Akron",2025,"Akron_2025",3,12,4,2,NA
"Akron",2025,"Akron_2025",3,12,5,6,4934.21298318712
"Akron",2025,"Akron_2025",3,12,6,3,4975.36306937273
"Akron",2025,"Akron_2025",3,12,7,15,4214.79784157474
"Akron",2025,"Akron_2025",3,12,8,11,4812.41107115115
"Akron",2025,"Akron_2025",3,12,9,20,4683.98633868709
"Akron",2025,"Akron_2025",3,12,10,18,NA
"Akron",2025,"Akron_2025",4,13,1,19,4157.41673257048
"Akron",2025,"Akron_2025",4,13,2,6,4007.20669428509
"Akron",2025,"Akron_2025",4,13,3,11,4765.8858522045
"Akron",2025,"Akron_2025",4,13,4,5,4235.63277550244
"Akron",2025,"Akron_2025",4,13,5,18,NA
"Akron",2025,"Akron_2025",4,13,6,17,NA
"Akron",2025,"Akron_2025",4,13,7,10,NA
"Akron",2025,"Akron_2025",4,13,8,12,3874.87021542472
"Akron",2025,"Akron_2025",4,13,9,7,NA
"Akron",2025,"Akron_2025",4,13,10,7,NA
"Akron",2025,"Akron_2025",4,14,1,10,3849.13818572547
"Akron",2025,"Akron_2025",4,14,2,14,3993.31082552137
"Akron",2025,"Akron_2025",4,14,3,9,3287.54073531182
"Akron",2025,"Akron_2025",4,14,4,9,4205.05329752247
"Akron",2025,"Akron_2025",4,14,5,4,3744.16657983579
"Akron",2025,"Akron_2025",4,14,6,4,3626.46239220128
"Akron",2025,"Akron_2025",4,14,7,13,4840.02330327309
"Akron",2025,"Akron_2025",4,14,8,1,4293.46981863432
"Akron",2025,"Akron_2025",4,14,9,1,4571.55242208563
"Akron",2025,"Akron_2025",4,14,10,6,4094.92341668538
"Akron",2025,"Akron_2025",4,15,1,15,NA
"Akron",2025,"Akron_2025",4,15,2,2,4726.39721302189
"Akron",2025,"Akron_2025",4,15,3,20,4321.8397356851
"Akron",2025,"Akron_2025",4,15,4,3,NA
"Akron",2025,"Akron_2025",4,15,5,5,3796.24475537555
"Akron",2025,"Akron_2025",4,15,6,13,4792.6092887428
"Akron",2025,"Akron_2025",4,15,7,14,4246.49805061288
"Akron",2025,"Akron_2025",4,15,8,15,3409.27724018829
"Akron",2025,"Akron_2025",4,15,9,3,4322.13860081895
"Akron",2025,"Akron_2025",4,15,10,8,3565.94298963304
"Akron",2025,"Akron_2025",4,16,1,8,4195.54570142623
"Akron",2025,"Akron_2025",4,16,2,20,5189.03313003675
"Akron",2025,"Akron_2025",4,16,3,18,NA
"Akron",2025,"Akron_2025",4,16,4,12,4291.01418946407
"Akron",2025,"Akron_2025",4,16,5,17,3764.77432614177
"Akron",2025,"Akron_2025",4,16,6,11,NA
"Akron",2025,"Akron_2025",4,16,7,2,4931.91838081779
"Akron",2025,"Akron_2025",4,16,8,16,4407.89004814958
"Akron",2025,"Akron_2025",4,16,9,19,4237.12422399424
"Akron",2025,"Akron_2025",4,16,10,16,4614.09010706942
"RockyFord",2025,"RockyFord_2025",1,1,1,6,4516.70983402567
"RockyFord",2025,"RockyFord_2025",1,1,2,9,3187.34647651938
"RockyFord",2025,"RockyFord_2025",1,1,3,1,3749.10221140955
"RockyFord",2025,"RockyFord_2025",1,1,4,19,3851.27102535434
"RockyFord",2025,"RockyFord_2025",1,1,5,17,4195.7550478813
"RockyFord",2025,"RockyFord_2025",1,1,6,5,3823.42245324506
"RockyFord",2025,"RockyFord_2025",1,1,7,12,4491.61650729659
"RockyFord",2025,"RockyFord_2025",1,1,8,18,4708.23351107543
"RockyFord",2025,"RockyFord_2025",1,1,9,19,5252.61152862163
"RockyFord",2025,"RockyFord_2025",1,1,10,16,4800.14731437124
"RockyFord",2025,"RockyFord_2025",1,2,1,10,NA
"RockyFord",2025,"RockyFord_2025",1,2,2,4,3759.90613322149
"RockyFord",2025,"RockyFord_2025",1,2,3,20,4483.626120914
"RockyFord",2025,"RockyFord_2025",1,2,4,8,NA
"RockyFord",2025,"RockyFord_2025",1,2,5,7,4230.70550810131
"RockyFord",2025,"RockyFord_2025",1,2,6,2,4596.77650162623
"RockyFord",2025,"RockyFord_2025",1,2,7,15,4767.54127287987
"RockyFord",2025,"RockyFord_2025",1,2,8,15,5192.40261620902
"RockyFord",2025,"RockyFord_2025",1,2,9,14,5302.92128570924
"RockyFord",2025,"RockyFord_2025",1,2,10,9,4894.22399182612
"RockyFord",2025,"RockyFord_2025",1,3,1,11,4902.44165396009
"RockyFord",2025,"RockyFord_2025",1,3,2,7,4397.41184224186
"RockyFord",2025,"RockyFord_2025",1,3,3,20,5125.24975736472
"RockyFord",2025,"RockyFord_2025",1,3,4,13,4788.57456323143
"RockyFord",2025,"RockyFord_2025",1,3,5,17,3889.61850203778
"RockyFord",2025,"RockyFord_2025",1,3,6,3,3566.74885735434
"RockyFord",2025,"RockyFord_2025",1,3,7,11,4356.91609613853
"RockyFord",2025,"RockyFord_2025",1,3,8,6,3781.0033098212
"RockyFord",2025,"RockyFord_2025",1,3,9,3,3765.16111652855
"RockyFord",2025,"RockyFord_2025",1,3,10,8,3901.34666557525
"RockyFord",2025,"RockyFord_2025",1,4,1,1,4520.57666900228
"RockyFord",2025,"RockyFord_2025",1,4,2,14,3791.46721033623
"RockyFord",2025,"RockyFord_2025",1,4,3,2,4575.38321293228
"RockyFord",2025,"RockyFord_2025",1,4,4,18,4284.23712960853
"RockyFord",2025,"RockyFord_2025",1,4,5,5,4150.10370717035
"RockyFord",2025,"RockyFord_2025",1,4,6,16,NA
"RockyFord",2025,"RockyFord_2025",1,4,7,4,3565.97930330748
"RockyFord",2025,"RockyFord_2025",1,4,8,13,3902.72041194173
"RockyFord",2025,"RockyFord_2025",1,4,9,12,4398.55055599407
"RockyFord",2025,"RockyFord_2025",1,4,10,10,3450.34915025461
"RockyFord",2025,"RockyFord_2025",2,5,1,10,4532.95651907812
"RockyFord",2025,"RockyFord_2025",2,5,2,18,4029.6094618923
"RockyFord",2025,"RockyFord_2025",2,5,3,8,4070.10422679029
"RockyFord",2025,"RockyFord_2025",2,5,4,6,3943.64452360193
"RockyFord",2025,"RockyFord_2025",2,5,5,18,3375.65992051553
"RockyFord",2025,"RockyFord_2025",2,5,6,5,3929.19611678327
"RockyFord",2025,"RockyFord_2025",2,5,7,14,3167.37360762571
"RockyFord",2025,"RockyFord_2025",2,5,8,2,NA
"RockyFord",2025,"RockyFord_2025",2,5,9,17,3607.9171629028
"RockyFord",2025,"RockyFord_2025",2,5,10,16,3879.85563605043
"RockyFord",2025,"RockyFord_2025",2,6,1,3,4412.04972199641
"RockyFord",2025,"RockyFord_2025",2,6,2,4,4455.02897363018
"RockyFord",2025,"RockyFord_2025",2,6,3,8,3831.51075833775
"RockyFord",2025,"RockyFord_2025",2,6,4,12,NA
"RockyFord",2025,"RockyFord_2025",2,6,5,7,4068.3908161951
"RockyFord",2025,"RockyFord_2025",2,6,6,10,4231.55064550723
"RockyFord",2025,"RockyFord_2025",2,6,7,9,NA
"RockyFord",2025,"RockyFord_2025",2,6,8,11,4368.59681952021
"RockyFord",2025,"RockyFord_2025",2,6,9,4,3436.52389005722
"RockyFord",2025,"RockyFord_2025",2,6,10,6,NA
"RockyFord",2025,"RockyFord_2025",2,7,1,9,5225.27004709996
"RockyFord",2025,"RockyFord_2025",2,7,2,19,5649.87084737085
"RockyFord",2025,"RockyFord_2025",2,7,3,17,NA
"RockyFord",2025,"RockyFord_2025",2,7,4,12,4523.31504601362
"RockyFord",2025,"RockyFord_2025",2,7,5,14,3894.01987109907
"RockyFord",2025,"RockyFord_2025",2,7,6,20,5322.39797536617
"RockyFord",2025,"RockyFord_2025",2,7,7,15,4142.07727443773
"RockyFord",2025,"RockyFord_2025",2,7,8,1,4408.08410359692
"RockyFord",2025,"RockyFord_2025",2,7,9,16,3793.52911948364
"RockyFord",2025,"RockyFord_2025",2,7,10,13,3709.00389429792
"RockyFord",2025,"RockyFord_2025",2,8,1,3,4832.41791861186
"RockyFord",2025,"RockyFord_2025",2,8,2,7,NA
"RockyFord",2025,"RockyFord_2025",2,8,3,15,4882.5311508534
"RockyFord",2025,"RockyFord_2025",2,8,4,20,4768.60476960068
"RockyFord",2025,"RockyFord_2025",2,8,5,1,4368.82477043946
"RockyFord",2025,"RockyFord_2025",2,8,6,11,5158.04156729433
"RockyFord",2025,"RockyFord_2025",2,8,7,5,4633.63698475571
"RockyFord",2025,"RockyFord_2025",2,8,8,2,4629.21701105734
"RockyFord",2025,"RockyFord_2025",2,8,9,13,NA
"RockyFord",2025,"RockyFord_2025",2,8,10,19,4034.00796134607
"RockyFord",2025,"RockyFord_2025",3,9,1,17,5088.61069637828
"RockyFord",2025,"RockyFord_2025",3,9,2,11,5521.68642546442
"RockyFord",2025,"RockyFord_2025",3,9,3,3,4339.69771916244
"RockyFord",2025,"RockyFord_2025",3,9,4,3,4765.89035568836
"RockyFord",2025,"RockyFord_2025",3,9,5,20,NA
"RockyFord",2025,"RockyFord_2025",3,9,6,4,4288.60680397079
"RockyFord",2025,"RockyFord_2025",3,9,7,5,4583.43921779259
"RockyFord",2025,"RockyFord_2025",3,9,8,18,4820.05550891224
"RockyFord",2025,"RockyFord_2025",3,9,9,19,3971.23041845434
"RockyFord",2025,"RockyFord_2025",3,9,10,6,3915.66709703391
"RockyFord",2025,"RockyFord_2025",3,10,1,8,NA
"RockyFord",2025,"RockyFord_2025",3,10,2,14,NA
"RockyFord",2025,"RockyFord_2025",3,10,3,9,4526.63101758232
"RockyFord",2025,"RockyFord_2025",3,10,4,12,4539.10269762635
"RockyFord",2025,"RockyFord_2025",3,10,5,16,NA
"RockyFord",2025,"RockyFord_2025",3,10,6,12,NA
"RockyFord",2025,"RockyFord_2025",3,10,7,16,4569.25219184289
"RockyFord",2025,"RockyFord_2025",3,10,8,20,4484.43913374574
"RockyFord",2025,"RockyFord_2025",3,10,9,17,NA
"RockyFord",2025,"RockyFord_2025",3,10,10,10,3806.65484272948
"RockyFord",2025,"RockyFord_2025",3,11,1,1,4586.18628285544
"RockyFord",2025,"RockyFord_2025",3,11,2,2,5384.60598366928
"RockyFord",2025,"RockyFord_2025",3,11,3,6,5292.88723180692
"RockyFord",2025,"RockyFord_2025",3,11,4,2,5317.6749119794
"RockyFord",2025,"RockyFord_2025",3,11,5,13,4576.28152096744
"RockyFord",2025,"RockyFord_2025",3,11,6,19,4774.01569806617
"RockyFord",2025,"RockyFord_2025",3,11,7,7,4553.92229474695
"RockyFord",2025,"RockyFord_2025",3,11,8,15,4102.96057957296
"RockyFord",2025,"RockyFord_2025",3,11,9,7,NA
"RockyFord",2025,"RockyFord_2025",3,11,10,15,4109.11264206853
"RockyFord",2025,"RockyFord_2025",3,12,1,8,NA
"RockyFord",2025,"RockyFord_2025",3,12,2,5,NA
"RockyFord",2025,"RockyFord_2025",3,12,3,18,4834.99139018429
"RockyFord",2025,"RockyFord_2025",3,12,4,9,NA
"RockyFord",2025,"RockyFord_2025",3,12,5,10,4337.21939579252
"RockyFord",2025,"RockyFord_2025",3,12,6,1,NA
"RockyFord",2025,"RockyFord_2025",3,12,7,14,3810.21205268843
"RockyFord",2025,"RockyFord_2025",3,12,8,13,4413.29252820727
"RockyFord",2025,"RockyFord_2025",3,12,9,11,NA
"RockyFord",2025,"RockyFord_2025",3,12,10,4,3470.7556234625
"RockyFord",2025,"RockyFord_2025",4,13,1,19,4500.93566949887
"RockyFord",2025,"RockyFord_2025",4,13,2,7,5180.15306468513
"RockyFord",2025,"RockyFord_2025",4,13,3,12,5077.98477943584
"RockyFord",2025,"RockyFord_2025",4,13,4,13,NA
"RockyFord",2025,"RockyFord_2025",4,13,5,19,4003.22244876465
"RockyFord",2025,"RockyFord_2025",4,13,6,18,4249.58005131036
"RockyFord",2025,"RockyFord_2025",4,13,7,17,4054.25534937048
"RockyFord",2025,"RockyFord_2025",4,13,8,4,4129.51744187676
"RockyFord",2025,"RockyFord_2025",4,13,9,10,NA
"RockyFord",2025,"RockyFord_2025",4,13,10,10,NA
"RockyFord",2025,"RockyFord_2025",4,14,1,11,6035.74523275692
"RockyFord",2025,"RockyFord_2025",4,14,2,2,5682.47953397112
"RockyFord",2025,"RockyFord_2025",4,14,3,7,NA
"RockyFord",2025,"RockyFord_2025",4,14,4,3,4805.72916915418
"RockyFord",2025,"RockyFord_2025",4,14,5,8,NA
"RockyFord",2025,"RockyFord_2025",4,14,6,8,NA
"RockyFord",2025,"RockyFord_2025",4,14,7,5,5294.64001946069
"RockyFord",2025,"RockyFord_2025",4,14,8,12,4780.93978291843
"RockyFord",2025,"RockyFord_2025",4,14,9,15,4425.70895692303
"RockyFord",2025,"RockyFord_2025",4,14,10,20,4063.5698395197
"RockyFord",2025,"RockyFord_2025",4,15,1,20,6408.11615246563
"RockyFord",2025,"RockyFord_2025",4,15,2,3,5665.97738456567
"RockyFord",2025,"RockyFord_2025",4,15,3,13,5388.67167080399
"RockyFord",2025,"RockyFord_2025",4,15,4,14,5265.32814359715
"RockyFord",2025,"RockyFord_2025",4,15,5,18,NA
"RockyFord",2025,"RockyFord_2025",4,15,6,15,4973.49115759085
"RockyFord",2025,"RockyFord_2025",4,15,7,9,4879.33047414202
"RockyFord",2025,"RockyFord_2025",4,15,8,11,5148.62496903688
"RockyFord",2025,"RockyFord_2025",4,15,9,9,4726.90225864615
"RockyFord",2025,"RockyFord_2025",4,15,10,2,4516.0051703365
"RockyFord",2025,"RockyFord_2025",4,16,1,6,5409.60344541839
"RockyFord",2025,"RockyFord_2025",4,16,2,14,NA
"RockyFord",2025,"RockyFord_2025",4,16,3,4,5239.13026884402
"RockyFord",2025,"RockyFord_2025",4,16,4,16,5245.97608550816
"RockyFord",2025,"RockyFord_2025",4,16,5,1,5541.67079605069
"RockyFord",2025,"RockyFord_2025",4,16,6,1,5228.6051544219
"RockyFord",2025,"RockyFord_2025",4,16,7,6,4520.59208730139
"RockyFord",2025,"RockyFord_2025",4,16,8,5,NA
"RockyFord",2025,"RockyFord_2025",4,16,9,16,4521.90704597723
"RockyFord",2025,"RockyFord_2025",4,16,10,17,NA
