"site","year","env","rep","row","col","entry","yield"
"FortCollins",2024,"FortCollins_2024",1,1,1,6,4333.54360018977
"FortCollins",2024,"FortCollins_2024",1,1,2,12,3643.45322346408
"FortCollins",2024,"FortCollins_2024",1,1,3,3,3768.63037981181
"FortCollins",2024,"FortCollins_2024",1,1,4,13,4564.15736184438
"FortCollins",2024,"FortCollins_2024",1,1,5,18,4224.1597372779
"FortCollins",2024,"FortCollins_2024",1,1,6,13,4320.00180004062
"FortCollins",2024,"FortCollins_2024",1,1,7,14,4651.5439875405
"FortCollins",2024,"FortCollins_2024",1,1,8,16,5230.95958321763
"FortCollins",2024,"FortCollins_2024",1,1,10,7,5194.01141748221
"FortCollins",2024,"FortCollins_2024",1,2,1,14,4532.97583087861
"FortCollins",2024,"FortCollins_2024",1,2,2,4,4699.87033724714
"FortCollins",2024,"FortCollins_2024",1,2,3,1,4728.99343113144
"FortCollins",2024,"FortCollins_2024",1,2,5,5,4854.34901480598
"FortCollins",2024,"FortCollins_2024",1,2,6,10,5240.77382973317
"FortCollins",2024,"FortCollins_2024",1,2,7,17,5398.46710087865
"FortCollins",2024,"FortCollins_2024",1,2,8,2,5719.35763898267
"FortCollins",2024,"FortCollins_2024",1,3,2,7,4284.93612540336
"FortCollins",2024,"FortCollins_2024",1,3,4,1,4373.1780638365
"FortCollins",2024,"FortCollins_2024",1,3,5,18,4399.00140800148
"FortCollins",2024,"FortCollins_2024",1,3,6,12,4548.17994048255
"FortCollins",2024,"FortCollins_2024",1,3,7,16,5531.24179534263
"FortCollins",2024,"FortCollins_2024",1,3,9,2,5642.15493516802
"FortCollins",2024,"FortCollins_2024",1,4,1,3,3718.62075574767
"FortCollins",2024,"FortCollins_2024",1,4,2,17,3735.48233879411
"FortCollins",2024,"FortCollins_2024",1,4,3,11,4758.98874059428
"FortCollins",2024,"FortCollins_2024",1,4,4,8,4206.5121100433
"FortCollins",2024,"FortCollins_2024",1,4,5,10,4645.46434278248
"FortCollins",2024,"FortCollins_2024",1,4,6,5,5020.17147629072
"FortCollins",2024,"FortCollins_2024",1,4,7,11,5904.66548764388
"FortCollins",2024,"FortCollins_2024",1,4,8,6,4922.50543212144
"FortCollins",2024,"FortCollins_2024",1,4,9,4,5288.92856631411
"FortCollins",2024,"FortCollins_2024",1,4,10,8,4942.54874292802
"FortCollins",2024,"FortCollins_2024",2,5,1,5,4070.41035486371
"FortCollins",2024,"FortCollins_2024",2,5,2,17,4528.01535988447
"FortCollins",2024,"FortCollins_2024",2,5,3,4,4496.96193239504
"FortCollins",2024,"FortCollins_2024",2,5,4,10,4714.96443603193
"FortCollins",2024,"FortCollins_2024",2,5,5,3,5070.95371556592
"FortCollins",2024,"FortCollins_2024",2,5,6,4,5284.39379995663
"FortCollins",2024,"FortCollins_2024",2,5,7,2,5159.95353376741
"FortCollins",2024,"FortCollins_2024",2,5,8,18,4863.68844277596
"FortCollins",2024,"FortCollins_2024",2,5,10,5,5047.40722847424
"FortCollins",2024,"FortCollins_2024",2,6,2,13,4759.06478374463
"FortCollins",2024,"FortCollins_2024",2,6,3,11,5070.52676823188
"FortCollins",2024,"FortCollins_2024",2,6,4,14,4523.84125174995
"FortCollins",2024,"FortCollins_2024",2,6,5,3,5138.9550203801
"FortCollins",2024,"FortCollins_2024",2,6,6,2,5158.19068173416
"FortCollins",2024,"FortCollins_2024",2,6,7,16,5312.28585847835
"FortCollins",2024,"FortCollins_2024",2,6,8,13,4900.78231349981
"FortCollins",2024,"FortCollins_2024",2,6,9,1,4789.65939961138
"FortCollins",2024,"FortCollins_2024",2,7,1,6,3831.55489796627
"FortCollins",2024,"FortCollins_2024",2,7,2,14,4260.77877413567
"FortCollins",2024,"FortCollins_2024",2,7,3,12,4295.74236360209
"FortCollins",2024,"FortCollins_2024",2,7,4,11,4447.72900113505
"FortCollins",2024,"FortCollins_2024",2,7,6,7,3920.74953116746
"FortCollins",2024,"FortCollins_2024",2,7,7,7,4298.9255115215
"FortCollins",2024,"FortCollins_2024",2,7,8,1,4561.34876305214
"FortCollins",2024,"FortCollins_2024",2,7,9,8,4508.90474584178
"FortCollins",2024,"FortCollins_2024",2,7,10,6,5307.06063046201
"FortCollins",2024,"FortCollins_2024",2,8,1,18,5151.40625995129
"FortCollins",2024,"FortCollins_2024",2,8,2,16,5047.24158616559
"FortCollins",2024,"FortCollins_2024",2,8,4,10,4298.55804100312
"FortCollins",2024,"FortCollins_2024",2,8,5,8,3859.6162383426
"FortCollins",2024,"FortCollins_2024",2,8,6,12,3951.35906948579
"FortCollins",2024,"FortCollins_2024",2,8,10,17,4598.53095235154
"FortCollins",2024,"FortCollins_2024",3,9,1,8,4947.25162972649
"FortCollins",2024,"FortCollins_2024",3,9,2,11,5340.52482299398
"FortCollins",2024,"FortCollins_2024",3,9,3,12,4092.10764447781
"FortCollins",2024,"FortCollins_2024",3,9,4,16,4649.67447808453
"FortCollins",2024,"FortCollins_2024",3,9,5,5,4034.09446431237
"FortCollins",2024,"FortCollins_2024",3,9,9,4,3636.50636974852
"FortCollins",2024,"FortCollins_2024",3,9,10,6,3733.11265987832
"FortCollins",2024,"FortCollins_2024",3,10,1,11,5701.38616731684
"FortCollins",2024,"FortCollins_2024",3,10,3,3,4585.37101640351
"FortCollins",2024,"FortCollins_2024",3,10,4,6,4793.60072966026
"FortCollins",2024,"FortCollins_2024",3,10,5,18,4180.67066590273
"FortCollins",2024,"FortCollins_2024",3,10,6,7,3698.41804914088
"FortCollins",2024,"FortCollins_2024",3,10,7,2,4261.59832676318
"FortCollins",2024,"FortCollins_2024",3,10,8,14,3120.14448537634
"FortCollins",2024,"FortCollins_2024",3,10,10,17,4161.36715132775
"FortCollins",2024,"FortCollins_2024",3,11,1,13,5380.52132601487
"FortCollins",2024,"FortCollins_2024",3,11,2,7,5127.81225572291
"FortCollins",2024,"FortCollins_2024",3,11,3,1,5170.15626356223
"FortCollins",2024,"FortCollins_2024",3,11,4,5,5172.78359525988
"FortCollins",2024,"FortCollins_2024",3,11,5,3,4297.76957473847
"FortCollins",2024,"FortCollins_2024",3,11,6,8,4225.99084271989
"FortCollins",2024,"FortCollins_2024",3,11,7,16,4349.79296797258
"FortCollins",2024,"FortCollins_2024",3,11,8,1,4540.85674514627
"FortCollins",2024,"FortCollins_2024",3,11,9,13,4279.94577009122
"FortCollins",2024,"FortCollins_2024",3,11,10,10,4002.36461838542
"FortCollins",2024,"FortCollins_2024",3,12,1,14,4809.27282855722
"FortCollins",2024,"FortCollins_2024",3,12,2,2,4678.75026494337
"FortCollins",2024,"FortCollins_2024",3,12,3,10,4054.98338137595
"FortCollins",2024,"FortCollins_2024",3,12,5,18,4322.35774401408
"FortCollins",2024,"FortCollins_2024",3,12,8,17,4343.37804112733
"FortCollins",2024,"FortCollins_2024",3,12,9,12,3428.1243953978
"FortCollins",2024,"FortCollins_2024",3,12,10,4,3991.96232955315
"FortCollins",2024,"FortCollins_2024",4,13,1,2,4931.22320350197
"FortCollins",2024,"FortCollins_2024",4,13,2,12,4608.4397778488
"FortCollins",2024,"FortCollins_2024",4,13,4,3,4175.53993556373
"FortCollins",2024,"FortCollins_2024",4,13,5,4,4329.86398670815
"FortCollins",2024,"FortCollins_2024",4,13,6,3,3873.90039189924
"FortCollins",2024,"FortCollins_2024",4,13,7,2,4756.04526994306
"FortCollins",2024,"FortCollins_2024",4,13,8,6,3670.14238223556
"FortCollins",2024,"FortCollins_2024",4,13,9,5,4218.87995935078
"FortCollins",2024,"FortCollins_2024",4,13,10,13,3988.22777174903
"FortCollins",2024,"FortCollins_2024",4,14,2,5,3961.90793341732
"FortCollins",2024,"FortCollins_2024",4,14,4,7,4562.18409752677
"FortCollins",2024,"FortCollins_2024",4,14,5,18,4533.28937061783
"FortCollins",2024,"FortCollins_2024",4,14,6,11,5081.27483386265
"FortCollins",2024,"FortCollins_2024",4,14,9,7,4418.1197359033
"FortCollins",2024,"FortCollins_2024",4,14,10,17,3708.79645438489
"FortCollins",2024,"FortCollins_2024",4,15,1,11,5526.32522147379
"FortCollins",2024,"FortCollins_2024",4,15,2,1,4251.27217094702
"FortCollins",2024,"FortCollins_2024",4,15,3,6,4284.0326087387
"FortCollins",2024,"FortCollins_2024",4,15,4,17,3947.45862614559
"FortCollins",2024,"FortCollins_2024",4,15,5,10,4290.52860688601
"FortCollins",2024,"FortCollins_2024",4,15,6,12,4165.92309447147
"FortCollins",2024,"FortCollins_2024",4,15,7,8,3757.11449912307
"FortCollins",2024,"FortCollins_2024",4,15,8,14,3739.70550781106
"FortCollins",2024,"FortCollins_2024",4,15,9,16,3948.39953761016
"FortCollins",2024,"FortCollins_2024",4,15,10,4,3621.90765738285
"FortCollins",2024,"FortCollins_2024",4,16,1,8,4117.21996903198
"FortCollins",2024,"FortCollins_2024",4,16,2,16,4604.82671796983
"FortCollins",2024,"FortCollins_2024",4,16,3,10,4446.89089843026
"FortCollins",2024,"FortCollins_2024",4,16,4,13,4940.68345965842
"FortCollins",2024,"FortCollins_2024",4,16,5,14,3877.96640760679
"FortCollins",2024,"FortCollins_2024",4,16,8,18,4095.31963614243
"FortCollins",2024,"FortCollins_2024",4,16,10,1,3567.57525115104
"Akron",2024,"Akron_2024",1,1,1,12,4812.96467123989
"Akron",2024,"Akron_2024",1,1,2,10,4558.01656348225
"Akron",2024,"Akron_2024",1,1,3,20,5569.7299788169
"Akron",2024,"Akron_2024",1,1,4,10,5634.78413643933
"Akron",2024,"Akron_2024",1,1,6,9,5136.76474820827
"Akron",2024,"Akron_2024",1,1,7,4,4433.39331576417
"Akron",2024,"Akron_2024",1,1,8,17,4481.37818998304
"Akron",2024,"Akron_2024",1,1,9,14,4408.31812393966
"Akron",2024,"Akron_2024",1,1,10,6,4053.00508609475
"Akron",2024,"Akron_2024",1,2,1,6,4446.42348660745
"Akron",2024,"Akron_2024",1,2,4,4,4604.18951302867
"Akron",2024,"Akron_2024",1,2,7,11,4909.72571454589
"Akron",2024,"Akron_2024",1,2,9,2,5215.79093324467
"Akron",2024,"Akron_2024",1,3,1,1,4386.6359637277
"Akron",2024,"Akron_2024",1,3,2,9,3952.48710497585
"Akron",2024,"Akron_2024",1,3,4,13,4812.88043097686
"Akron",2024,"Akron_2024",1,3,5,11,5109.29971074495
"Akron",2024,"Akron_2024",1,3,6,17,4866.79197110449
"Akron",2024,"Akron_2024",1,3,7,18,4806.31705031311
"Akron",2024,"Akron_2024",1,3,8,16,4970.91752208056
"Akron",2024,"Akron_2024",1,3,9,13,5166.45579665411
"Akron",2024,"Akron_2024",1,3,10,7,4279.87892369753
"Akron",2024,"Akron_2024",1,4,1,19,4082.62463281696
"Akron",2024,"Akron_2024",1,4,2,14,3615.34734265969
"Akron",2024,"Akron_2024",1,4,3,7,4215.02573587815
"Akron",2024,"Akron_2024",1,4,4,16,4229.0889121745
"Akron",2024,"Akron_2024",1,4,5,1,4138.61197740483
"Akron",2024,"Akron_2024",1,4,6,18,4515.05959473681
"Akron",2024,"Akron_2024",1,4,7,20,4177.04111950798
"Akron",2024,"Akron_2024",1,4,8,12,3911.86343598946
"Akron",2024,"Akron_2024",1,4,9,2,4565.09711793824
"Akron",2024,"Akron_2024",1,4,10,19,4145.61720471917
"Akron",2024,"Akron_2024",2,5,1,9,4808.23586911784
"Akron",2024,"Akron_2024",2,5,2,19,4565.39499072924
"Akron",2024,"Akron_2024",2,5,5,10,4265.04626071103
"Akron",2024,"Akron_2024",2,5,6,11,5200.53656870475
"Akron",2024,"Akron_2024",2,5,8,17,4452.39322725389
"Akron",2024,"Akron_2024",2,5,10,18,3860.73252374402
"Akron",2024,"Akron_2024",2,6,1,12,4803.49112487761
"Akron",2024,"Akron_2024",2,6,2,2,3880.67554556595
"Akron",2024,"Akron_2024",2,6,5,6,4071.21332221266
"Akron",2024,"Akron_2024",2,6,7,20,4887.04694115185
"Akron",2024,"Akron_2024",2,6,9,4,4329.48505596246
"Akron",2024,"Akron_2024",2,6,10,17,4665.41304803479
"Akron",2024,"Akron_2024",2,7,1,7,4776.4369418171
"Akron",2024,"Akron_2024",2,7,2,13,4453.72244141666
"Akron",2024,"Akron_2024",2,7,3,14,4342.58072481007
"Akron",2024,"Akron_2024",2,7,4,2,4384.27168199357
"Akron",2024,"Akron_2024",2,7,5,13,4892.19303183989
"Akron",2024,"Akron_2024",2,7,6,16,4348.53632639246
"Akron",2024,"Akron_2024",2,7,7,1,4154.74593927044
"Akron",2024,"Akron_2024",2,7,8,9,3801.62099076869
"Akron",2024,"Akron_2024",2,7,9,20,4032.44317619723
"Akron",2024,"Akron_2024",2,7,10,19,4459.58056460296
"Akron",2024,"Akron_2024",2,8,1,16,5323.06932527038
"Akron",2024,"Akron_2024",2,8,2,12,4196.37363544252
"Akron",2024,"Akron_2024",2,8,3,10,3776.70754987418
"Akron",2024,"Akron_2024",2,8,4,11,4709.20866566842
"Akron",2024,"Akron_2024",2,8,5,14,3349.27045776517
"Akron",2024,"Akron_2024",2,8,6,7,3696.68607719285
"Akron",2024,"Akron_2024",2,8,7,6,4203.78367537407
"Akron",2024,"Akron_2024",2,8,8,4,3891.93501491405
"Akron",2024,"Akron_2024",2,8,9,18,4098.08624196424
"Akron",2024,"Akron_2024",2,8,10,1,4411.24914987509
"Akron",2024,"Akron_2024",3,9,1,14,3924.48759594221
"Akron",2024,"Akron_2024",3,9,3,11,4044.41232230388
"Akron",2024,"Akron_2024",3,9,4,12,3918.82801540664
"Akron",2024,"Akron_2024",3,9,5,13,3652.16652029655
"Akron",2024,"Akron_2024",3,9,6,1,3986.73532075898
"Akron",2024,"Akron_2024",3,9,7,19,2516.66333569159
"Akron",2024,"Akron_2024",3,9,10,7,4095.47316503364
"Akron",2024,"Akron_2024",3,10,2,17,4167.92229410207
"Akron",2024,"Akron_2024",3,10,4,9,4222.32430246554
"Akron",2024,"Akron_2024",3,10,5,18,4242.585152922
"Akron",2024,"Akron_2024",3,10,6,12,3544.2429253148
"Akron",2024,"Akron_2024",3,10,7,10,3710.5362696743
"Akron",2024,"Akron_2024",3,10,8,4,4162.07651904864
"Akron",2024,"Akron_2024",3,10,9,20,4093.96678704813
"Akron",2024,"Akron_2024",3,10,10,19,4078.19110826139
"Akron",2024,"Akron_2024",3,11,1,14,4556.05447198381
"Akron",2024,"Akron_2024",3,11,2,10,4536.2900627716
"Akron",2024,"Akron_2024",3,11,3,16,4647.52316747478
"Akron",2024,"Akron_2024",3,11,5,11,4518.00632315503
"Akron",2024,"Akron_2024",3,11,6,6,3677.26134365368
"Akron",2024,"Akron_2024",3,11,7,4,3827.65251827112
"Akron",2024,"Akron_2024",3,11,8,7,3828.46428934664
"Akron",2024,"Akron_2024",3,11,9,16,4600.13690019642
"Akron",2024,"Akron_2024",3,11,10,2,4795.56932270285
"Akron",2024,"Akron_2024",3,12,1,1,4710.73354448145
"Akron",2024,"Akron_2024",3,12,2,13,5244.20048680397
"Akron",2024,"Akron_2024",3,12,3,2,5086.2287928557
"Akron",2024,"Akron_2024",3,12,4,6,5428.50181771672
"Akron",2024,"Akron_2024",3,12,7,17,4825.24576139195
"Akron",2024,"Akron_2024",3,12,8,18,4554.25847871491
"Akron",2024,"Akron_2024",3,12,9,9,4748.82467234504
"Akron",2024,"Akron_2024",3,12,10,20,5803.47842453697
"Akron",2024,"Akron_2024",4,13,3,12,4583.03905426396
"Akron",2024,"Akron_2024",4,13,4,10,4761.85843604979
"Akron",2024,"Akron_2024",4,13,5,17,5072.00620351658
"Akron",2024,"Akron_2024",4,13,6,2,5452.99545033866
"Akron",2024,"Akron_2024",4,13,7,19,4767.87187834951
"Akron",2024,"Akron_2024",4,13,9,9,4265.70473903482
"Akron",2024,"Akron_2024",4,13,10,6,4228.55194178879
"Akron",2024,"Akron_2024",4,14,1,7,5084.53075121111
"Akron",2024,"Akron_2024",4,14,3,19,5877.390843097
"Akron",2024,"Akron_2024",4,14,4,14,4672.23340041856
"Akron",2024,"Akron_2024",4,14,5,16,5502.12047352189
"Akron",2024,"Akron_2024",4,14,6,20,5186.69801484424
"Akron",2024,"Akron_2024",4,14,8,13,5499.00374821622
"Akron",2024,"Akron_2024",4,14,9,4,5177.90624633903
"Akron",2024,"Akron_2024",4,14,10,16,5057.34324148505
"Akron",2024,"Akron_2024",4,15,2,17,4622.53094489296
"Akron",2024,"Akron_2024",4,15,3,10,4553.66982644225
"Akron",2024,"Akron_2024",4,15,4,14,4407.90649262874
"Akron",2024,"Akron_2024",4,15,5,6,4978.39567921123
"Akron",2024,"Akron_2024",4,15,6,11,5211.31628276193
"Akron",2024,"Akron_2024",4,15,7,11,5418.30152338061
"Akron",2024,"Akron_2024",4,15,8,18,4358.08449001727
"Akron",2024,"Akron_2024",4,15,9,18,4356.00121437896
"Akron",2024,"Akron_2024",4,15,10,9,4180.55327145873
"Akron",2024,"Akron_2024",4,16,2,1,5974.12383615433
"Akron",2024,"Akron_2024",4,16,3,2,5257.833353459
"Akron",2024,"Akron_2024",4,16,4,1,5345.52615898361
"Akron",2024,"Akron_2024",4,16,5,4,5456.79593502629
"Akron",2024,"Akron_2024",4,16,6,13,5968.25031584174
"Akron",2024,"Akron_2024",4,16,7,20,6144.7099010333
"Akron",2024,"Akron_2024",4,16,8,12,5215.61220358496
"Akron",2024,"Akron_2024",4,16,9,7,4919.1596072744
"RockyFord",2024,"RockyFord_2024",1,1,1,1,3527.54647470457
"RockyFord",2024,"RockyFord_2024",1,1,2,11,4119.56146974995
"RockyFord",2024,"RockyFord_2024",1,1,3,5,3282.59037296136
"RockyFord",2024,"RockyFord_2024",1,1,4,12,3302.49497010986
"RockyFord",2024,"RockyFord_2024",1,1,6,20,3608.98168565841
"RockyFord",2024,"RockyFord_2024",1,1,7,3,3850.89283540852
"RockyFord",2024,"RockyFord_2024",1,1,8,6,3182.0769136822
"RockyFord",2024,"RockyFord_2024",1,1,10,7,3878.65887201284
"RockyFord",2024,"RockyFord_2024",1,2,1,6,3592.81234779651
"RockyFord",2024,"RockyFord_2024",1,2,2,1,3460.01369198017
"RockyFord",2024,"RockyFord_2024",1,2,3,20,3764.10261502435
"RockyFord",2024,"RockyFord_2024",1,2,4,7,3421.88768874466
"RockyFord",2024,"RockyFord_2024",1,2,5,14,3233.28596811461
"RockyFord",2024,"RockyFord_2024",1,2,6,5,4029.79618375514
"RockyFord",2024,"RockyFord_2024",1,2,9,2,4747.19668390561
"RockyFord",2024,"RockyFord_2024",1,2,10,13,4130.4876131472
"RockyFord",2024,"RockyFord_2024",1,3,1,4,2562.87498052866
"RockyFord",2024,"RockyFord_2024",1,3,2,2,3900.65822985339
"RockyFord",2024,"RockyFord_2024",1,3,3,11,3836.22590666328
"RockyFord",2024,"RockyFord_2024",1,3,4,13,3536.86011494659
"RockyFord",2024,"RockyFord_2024",1,3,5,18,3326.57769522823
"RockyFord",2024,"RockyFord_2024",1,3,7,12,3933.34865453691
"RockyFord",2024,"RockyFord_2024",1,3,8,14,3302.75270918473
"RockyFord",2024,"RockyFord_2024",1,3,9,3,3507.73902229565
"RockyFord",2024,"RockyFord_2024",1,4,1,19,4381.18413383347
"RockyFord",2024,"RockyFord_2024",1,4,2,19,4294.3374566767
"RockyFord",2024,"RockyFord_2024",1,4,3,16,4768.19051027956
"RockyFord",2024,"RockyFord_2024",1,4,5,16,4187.5433092424
"RockyFord",2024,"RockyFord_2024",1,4,6,15,4166.98789702185
"RockyFord",2024,"RockyFord_2024",1,4,7,4,3811.38188470818
"RockyFord",2024,"RockyFord_2024",1,4,8,15,3969.7958589866
"RockyFord",2024,"RockyFord_2024",1,4,9,18,4241.20817785629
"RockyFord",2024,"RockyFord_2024",2,5,1,12,3471.47437706517
"RockyFord",2024,"RockyFord_2024",2,5,2,7,4277.95220237066
"RockyFord",2024,"RockyFord_2024",2,5,3,18,4287.95587283958
"RockyFord",2024,"RockyFord_2024",2,5,4,13,4723.99184498561
"RockyFord",2024,"RockyFord_2024",2,5,6,6,4541.27531023393
"RockyFord",2024,"RockyFord_2024",2,5,9,4,4188.63821849871
"RockyFord",2024,"RockyFord_2024",2,5,10,12,4055.14967094143
"RockyFord",2024,"RockyFord_2024",2,6,2,11,4428.27661114586
"RockyFord",2024,"RockyFord_2024",2,6,3,2,5153.734313358
"RockyFord",2024,"RockyFord_2024",2,6,4,16,5139.41329991632
"RockyFord",2024,"RockyFord_2024",2,6,5,2,5218.37592817743
"RockyFord",2024,"RockyFord_2024",2,6,6,20,5526.00012723542
"RockyFord",2024,"RockyFord_2024",2,6,7,19,5389.69741487146
"RockyFord",2024,"RockyFord_2024",2,6,8,18,4354.80575375932
"RockyFord",2024,"RockyFord_2024",2,6,9,19,4286.20042746099
"RockyFord",2024,"RockyFord_2024",2,6,10,4,4217.4765150729
"RockyFord",2024,"RockyFord_2024",2,7,1,3,4458.25149756909
"RockyFord",2024,"RockyFord_2024",2,7,2,1,4892.91282339764
"RockyFord",2024,"RockyFord_2024",2,7,3,16,5147.27092179361
"RockyFord",2024,"RockyFord_2024",2,7,4,14,4242.00379274846
"RockyFord",2024,"RockyFord_2024",2,7,5,15,4874.98988497253
"RockyFord",2024,"RockyFord_2024",2,7,6,15,4506.54766323295
"RockyFord",2024,"RockyFord_2024",2,7,8,3,5487.53792609943
"RockyFord",2024,"RockyFord_2024",2,7,10,5,5047.17150468934
"RockyFord",2024,"RockyFord_2024",2,8,2,5,3775.41473527019
"RockyFord",2024,"RockyFord_2024",2,8,3,13,4428.06909466934
"RockyFord",2024,"RockyFord_2024",2,8,4,6,3838.78998098673
"RockyFord",2024,"RockyFord_2024",2,8,5,11,4560.09489565645
"RockyFord",2024,"RockyFord_2024",2,8,6,1,5320.96609590233
"RockyFord",2024,"RockyFord_2024",2,8,7,14,3877.3203490333
"RockyFord",2024,"RockyFord_2024",2,8,8,20,5565.14370100485
"RockyFord",2024,"RockyFord_2024",2,8,9,7,5228.37736716769
"RockyFord",2024,"RockyFord_2024",3,9,1,15,3476.98976112831
"RockyFord",2024,"RockyFord_2024",3,9,3,16,4006.80859224398
"RockyFord",2024,"RockyFord_2024",3,9,4,3,3772.85257986593
"RockyFord",2024,"RockyFord_2024",3,9,5,18,4770.5289336455
"RockyFord",2024,"RockyFord_2024",3,9,6,1,5344.85718941855
"RockyFord",2024,"RockyFord_2024",3,9,7,7,4931.44853666141
"RockyFord",2024,"RockyFord_2024",3,9,8,14,4910.31247805712
"RockyFord",2024,"RockyFord_2024",3,9,9,5,5008.66983413823
"RockyFord",2024,"RockyFord_2024",3,9,10,15,5528.02021543784
"RockyFord",2024,"RockyFord_2024",3,10,2,4,4411.28743093341
"RockyFord",2024,"RockyFord_2024",3,10,3,6,3927.05614119375
"RockyFord",2024,"RockyFord_2024",3,10,4,20,5045.57272345025
"RockyFord",2024,"RockyFord_2024",3,10,6,12,5809.78129000984
"RockyFord",2024,"RockyFord_2024",3,10,7,3,5393.4866435572
"RockyFord",2024,"RockyFord_2024",3,10,8,7,6114.17087991727
"RockyFord",2024,"RockyFord_2024",3,10,9,6,5799.97198684085
"RockyFord",2024,"RockyFord_2024",3,10,10,19,5755.27190923132
"RockyFord",2024,"RockyFord_2024",3,11,1,18,3918.78993915518
"RockyFord",2024,"RockyFord_2024",3,11,2,4,4369.0711586696
"RockyFord",2024,"RockyFord_2024",3,11,5,16,5001.45248734146
"RockyFord",2024,"RockyFord_2024",3,11,6,11,5311.95911459835
"RockyFord",2024,"RockyFord_2024",3,11,7,11,6049.20392348021
"RockyFord",2024,"RockyFord_2024",3,11,9,14,5354.13692521935
"RockyFord",2024,"RockyFord_2024",3,11,10,2,5282.15528108811
"RockyFord",2024,"RockyFord_2024",3,12,1,19,3347.68510768498
"RockyFord",2024,"RockyFord_2024",3,12,2,13,3930.6041768688
"RockyFord",2024,"RockyFord_2024",3,12,3,13,4236.94644655009
"RockyFord",2024,"RockyFord_2024",3,12,4,12,4391.01234416085
"RockyFord",2024,"RockyFord_2024",3,12,5,2,4949.69918996748
"RockyFord",2024,"RockyFord_2024",3,12,7,1,4624.29111786464
"RockyFord",2024,"RockyFord_2024",3,12,8,20,4896.45658138271
"RockyFord",2024,"RockyFord_2024",3,12,10,5,5057.36881381406
"RockyFord",2024,"RockyFord_2024",4,13,1,16,4098.18448954231
"RockyFord",2024,"RockyFord_2024",4,13,2,12,4099.92735884777
"RockyFord",2024,"RockyFord_2024",4,13,3,3,4243.06854868603
"RockyFord",2024,"RockyFord_2024",4,13,4,16,3964.77246057307
"RockyFord",2024,"RockyFord_2024",4,13,5,2,4338.10111265295
"RockyFord",2024,"RockyFord_2024",4,13,7,4,4676.18622272556
"RockyFord",2024,"RockyFord_2024",4,13,9,14,4135.38286527039
"RockyFord",2024,"RockyFord_2024",4,14,1,19,4394.56226604048
"RockyFord",2024,"RockyFord_2024",4,14,3,3,4194.29040081709
"RockyFord",2024,"RockyFord_2024",4,14,5,20,4212.16589193737
"RockyFord",2024,"RockyFord_2024",4,14,6,1,3731.02511204994
"RockyFord",2024,"RockyFord_2024",4,14,7,15,3983.70343956034
"RockyFord",2024,"RockyFord_2024",4,14,8,19,4474.34665888441
"RockyFord",2024,"RockyFord_2024",4,14,9,14,3636.15117964091
"RockyFord",2024,"RockyFord_2024",4,14,10,6,3637.12229150149
"RockyFord",2024,"RockyFord_2024",4,15,1,15,4330.22599318056
"RockyFord",2024,"RockyFord_2024",4,15,2,18,4432.45597547487
"RockyFord",2024,"RockyFord_2024",4,15,3,7,5086.34212443721
"RockyFord",2024,"RockyFord_2024",4,15,4,6,4823.66641770943
"RockyFord",2024,"RockyFord_2024",4,15,5,5,4438.23404657404
"RockyFord",2024,"RockyFord_2024",4,15,6,13,4445.15503368146
"RockyFord",2024,"RockyFord_2024",4,15,7,13,3882.2120770613
"RockyFord",2024,"RockyFord_2024",4,15,9,2,4637.08273648151
"RockyFord",2024,"RockyFord_2024",4,15,10,12,4184.82254953069
"RockyFord",2024,"RockyFord_2024",4,16,1,11,5525.18629642358
"RockyFord",2024,"RockyFord_2024",4,16,2,5,5182.26267927271
"RockyFord",2024,"RockyFord_2024",4,16,3,7,4904.19777315193
"RockyFord",2024,"RockyFord_2024",4,16,4,11,4753.10380860848
"RockyFord",2024,"RockyFord_2024",4,16,5,4,4258.74198667867
"RockyFord",2024,"RockyFord_2024",4,16,6,1,4749.81766143078
"RockyFord",2024,"RockyFord_2024",4,16,8,20,5398.02316826135
"RockyFord",2024,"RockyFord_2024",4,16,10,18,4320.43198957706
"FortCollins",2025,"FortCollins_2025",1,1,1,2,4624.65632751506
"FortCollins",2025,"FortCollins_2025",1,1,2,10,4644.64585120646
"FortCollins",2025,"FortCollins_2025",1,1,3,9,4005.2661105327
"FortCollins",2025,"FortCollins_2025",1,1,4,20,4615.4591727141
"FortCollins",2025,"FortCollins_2025",1,1,5,17,3372.51557727061
"FortCollins",2025,"FortCollins_2025",1,1,6,12,4019.51963741609
"FortCollins",2025,"FortCollins_2025",1,1,7,13,4402.34603045343
"FortCollins",2025,"FortCollins_2025",1,2,1,16,4683.68243979499
"FortCollins",2025,"FortCollins_2025",1,2,4,1,4076.93600254691
"FortCollins",2025,"FortCollins_2025",1,2,5,1,3468.40373298075
"FortCollins",2025,"FortCollins_2025",1,2,6,4,3883.34004470672
"FortCollins",2025,"FortCollins_2025",1,2,7,9,3845.96280169003
"FortCollins",2025,"FortCollins_2025",1,2,8,2,3767.78362004008
"FortCollins",2025,"FortCollins_2025",1,2,9,13,3677.89363954097
"FortCollins",2025,"FortCollins_2025",1,2,10,16,4301.11197869942
"FortCollins",2025,"FortCollins_2025",1,3,3,8,4338.70140229593
"FortCollins",2025,"FortCollins_2025",1,3,4,20,5073.52096110867
"FortCollins",2025,"FortCollins_2025",1,3,5,11,4372.75106078576
"FortCollins",2025,"FortCollins_2025",1,3,6,10,3782.53455890363
"FortCollins",2025,"FortCollins_2025",1,3,8,14,4187.42049412605
"FortCollins",2025,"FortCollins_2025",1,3,9,5,4248.64663063675
"FortCollins",2025,"FortCollins_2025",1,3,10,19,4777.9420955673
"FortCollins",2025,"FortCollins_2025",1,4,1,17,4333.51429905831
"FortCollins",2025,"FortCollins_2025",1,4,2,6,5057.32280346249
"FortCollins",2025,"FortCollins_2025",1,4,3,14,4824.70528106911
"FortCollins",2025,"FortCollins_2025",1,4,4,5,5252.88179012633
"FortCollins",2025,"FortCollins_2025",1,4,5,8,4635.88872221727
"FortCollins",2025,"FortCollins_2025",1,4,6,4,4519.75865539689
"FortCollins",2025,"FortCollins_2025",1,4,7,6,5337.6472098616
"FortCollins",2025,"FortCollins_2025",1,4,8,11,5446.43402437396
"FortCollins",2025,"FortCollins_2025",1,4,9,12,5400.53352407524
"FortCollins",2025,"FortCollins_2025",1,4,10,19,4855.43726349599
"FortCollins",2025,"FortCollins_2025",2,5,1,9,3652.28432738717
"FortCollins",2025,"FortCollins_2025",2,5,2,10,4607.24130024365
"FortCollins",2025,"FortCollins_2025",2,5,3,5,4725.40672238626
"FortCollins",2025,"FortCollins_2025",2,5,4,16,4232.50648390032
"FortCollins",2025,"FortCollins_2025",2,5,6,11,5392.69316217199
"FortCollins",2025,"FortCollins_2025",2,5,7,13,5259.07232677913
"FortCollins",2025,"FortCollins_2025",2,5,8,8,4688.06384829038
"FortCollins",2025,"FortCollins_2025",2,5,10,20,5143.02604723735
"FortCollins",2025,"FortCollins_2025",2,6,1,17,4866.57406097305
"FortCollins",2025,"FortCollins_2025",2,6,2,1,5067.50684181524
"FortCollins",2025,"FortCollins_2025",2,6,3,13,5192.43616941715
"FortCollins",2025,"FortCollins_2025",2,6,5,19,5027.66632155617
"FortCollins",2025,"FortCollins_2025",2,6,6,14,5174.62949695288
"FortCollins",2025,"FortCollins_2025",2,6,8,4,5598.48797543244
"FortCollins",2025,"FortCollins_2025",2,6,9,1,5357.08365733179
"FortCollins",2025,"FortCollins_2025",2,6,10,2,5530.33390335412
"FortCollins",2025,"FortCollins_2025",2,7,1,19,5333.52285510773
"FortCollins",2025,"FortCollins_2025",2,7,2,16,4419.16880981844
"FortCollins",2025,"FortCollins_2025",2,7,3,6,4966.24749841086
"FortCollins",2025,"FortCollins_2025",2,7,5,5,5465.93029869788
"FortCollins",2025,"FortCollins_2025",2,7,6,9,5207.35510712688
"FortCollins",2025,"FortCollins_2025",2,7,8,10,5036.92149272101
"FortCollins",2025,"FortCollins_2025",2,7,9,4,4877.66979398924
"FortCollins",2025,"FortCollins_2025",2,7,10,17,5253.96172885324
"FortCollins",2025,"FortCollins_2025",2,8,1,12,5412.76549904411
"FortCollins",2025,"FortCollins_2025",2,8,3,6,5063.81289496531
"FortCollins",2025,"FortCollins_2025",2,8,4,20,5247.81000475501
"FortCollins",2025,"FortCollins_2025",2,8,5,8,4801.66011569531
"FortCollins",2025,"FortCollins_2025",2,8,6,14,3998.06724153219
"FortCollins",2025,"FortCollins_2025",2,8,7,11,4890.55706113599
"FortCollins",2025,"FortCollins_2025",2,8,8,12,3969.24147172241
"FortCollins",2025,"FortCollins_2025",2,8,10,2,4909.02729314435
"FortCollins",2025,"FortCollins_2025",3,9,1,9,4983.93421522627
"FortCollins",2025,"FortCollins_2025",3,9,2,9,4738.72044050281
"FortCollins",2025,"FortCollins_2025",3,9,5,16,4730.62257723524
"FortCollins",2025,"FortCollins_2025",3,9,6,12,4401.43495817832
"FortCollins",2025,"FortCollins_2025",3,9,8,8,3950.70439216208
"FortCollins",2025,"FortCollins_2025",3,9,9,2,4421.8833653604
"FortCollins",2025,"FortCollins_2025",3,10,1,1,4668.57349383593
"FortCollins",2025,"FortCollins_2025",3,10,2,14,4579.21546208784
"FortCollins",2025,"FortCollins_2025",3,10,3,11,6238.58085213647
"FortCollins",2025,"FortCollins_2025",3,10,4,1,4673.94708352974
"FortCollins",2025,"FortCollins_2025",3,10,6,17,4686.09897050775
"FortCollins",2025,"FortCollins_2025",3,10,7,16,4454.42860294739
"FortCollins",2025,"FortCollins_2025",3,10,8,13,5141.38801558254
"FortCollins",2025,"FortCollins_2025",3,10,9,10,4903.19260947484
"FortCollins",2025,"FortCollins_2025",3,10,10,20,5187.87453682385
"FortCollins",2025,"FortCollins_2025",3,11,1,13,4680.00663954966
"FortCollins",2025,"FortCollins_2025",3,11,2,20,5114.67523602419
"FortCollins",2025,"FortCollins_2025",3,11,3,4,5069.86187635126
"FortCollins",2025,"FortCollins_2025",3,11,5,19,4203.91202610785
"FortCollins",2025,"FortCollins_2025",3,11,6,6,4669.65756004741
"FortCollins",2025,"FortCollins_2025",3,11,7,11,4772.8110547787
"FortCollins",2025,"FortCollins_2025",3,11,8,6,4480.88099006657
"FortCollins",2025,"FortCollins_2025",3,11,9,17,4653.96057765727
"FortCollins",2025,"FortCollins_2025",3,11,10,5,3784.38803732594
"FortCollins",2025,"FortCollins_2025",3,12,1,10,3849.21457635098
"FortCollins",2025,"FortCollins_2025",3,12,3,12,4371.58195790098
"FortCollins",2025,"FortCollins_2025",3,12,5,19,3889.82263566353
"FortCollins",2025,"FortCollins_2025",3,12,6,5,4421.78970870305
"FortCollins",2025,"FortCollins_2025",3,12,7,14,3895.76831186528
"FortCollins",2025,"FortCollins_2025",3,12,8,2,4957.04535822516
"FortCollins",2025,"FortCollins_2025",3,12,9,8,3827.20572216037
"FortCollins",2025,"FortCollins_2025",3,12,10,4,4237.96672048804
"FortCollins",2025,"FortCollins_2025",4,13,1,6,4082.83633874025
"FortCollins",2025,"FortCollins_2025",4,13,2,2,4174.42182577498
"FortCollins",2025,"FortCollins_2025",4,13,3,13,4160.43610612343
"FortCollins",2025,"FortCollins_2025",4,13,4,17,3984.93509159273
"FortCollins",2025,"FortCollins_2025",4,13,5,20,4078.41226213359
"FortCollins",2025,"FortCollins_2025",4,13,6,9,3615.65668897437
"FortCollins",2025,"FortCollins_2025",4,13,7,20,4112.1273119784
"FortCollins",2025,"FortCollins_2025",4,13,8,10,4283.20698171227
"FortCollins",2025,"FortCollins_2025",4,13,9,4,4464.15235556124
"FortCollins",2025,"FortCollins_2025",4,13,10,13,5876.97655078583
"FortCollins",2025,"FortCollins_2025",4,14,1,9,4820.09600188777
"FortCollins",2025,"FortCollins_2025",4,14,2,16,4025.6280966584
"FortCollins",2025,"FortCollins_2025",4,14,5,14,3873.27133978103
"FortCollins",2025,"FortCollins_2025",4,14,6,5,4689.05674052411
"FortCollins",2025,"FortCollins_2025",4,14,7,5,5057.39052892434
"FortCollins",2025,"FortCollins_2025",4,14,8,8,4490.78774569728
"FortCollins",2025,"FortCollins_2025",4,14,9,14,4107.15634913891
"FortCollins",2025,"FortCollins_2025",4,15,1,6,3608.67075673902
"FortCollins",2025,"FortCollins_2025",4,15,2,1,3963.45434493094
"FortCollins",2025,"FortCollins_2025",4,15,3,11,4125.13750429087
"FortCollins",2025,"FortCollins_2025",4,15,4,10,3619.41941643795
"FortCollins",2025,"FortCollins_2025",4,15,5,8,4311.79579415161
"FortCollins",2025,"FortCollins_2025",4,15,6,12,4215.57857990482
"FortCollins",2025,"FortCollins_2025",4,15,7,19,4531.61493267717
"FortCollins",2025,"FortCollins_2025",4,15,8,11,5373.43514131331
"FortCollins",2025,"FortCollins_2025",4,15,10,2,4928.85853741692
"FortCollins",2025,"FortCollins_2025",4,16,2,17,4043.7648884893
"FortCollins",2025,"FortCollins_2025",4,16,3,1,4463.10156332666
"FortCollins",2025,"FortCollins_2025",4,16,4,19,4031.51343114504
"FortCollins",2025,"FortCollins_2025",4,16,5,16,4386.84931335157
"FortCollins",2025,"FortCollins_2025",4,16,6,12,4583.58845132861
"FortCollins",2025,"FortCollins_2025",4,16,10,4,4415.58185110241
"Akron",2025,"Akron_2025",1,1,1,16,4817.58014623232
"Akron",2025,"Akron_2025",1,1,2,18,4440.9731319779
"Akron",2025,"Akron_2025",1,1,3,8,3894.55383087774
"Akron",2025,"Akron_2025",1,1,5,11,5216.80432877311
"Akron",2025,"Akron_2025",1,1,6,16,5037.46508989447
"Akron",2025,"Akron_2025",1,1,7,15,4586.58909276528
"Akron",2025,"Akron_2025",1,1,8,7,4716.65624421485
"Akron",2025,"Akron_2025",1,1,10,6,4408.80808930336
"Akron",2025,"Akron_2025",1,2,1,4,4152.04077325578
"Akron",2025,"Akron_2025",1,2,2,7,4546.54006220908
"Akron",2025,"Akron_2025",1,2,3,3,4287.72301981368
"Akron",2025,"Akron_2025",1,2,4,4,4662.2371541433
"Akron",2025,"Akron_2025",1,2,5,20,5337.64587969635
"Akron",2025,"Akron_2025",1,2,7,5,5014.83311679774
"Akron",2025,"Akron_2025",1,2,8,18,4227.81758083238
"Akron",2025,"Akron_2025",1,2,9,20,4306.76266948776
"Akron",2025,"Akron_2025",1,2,10,10,5246.27936776517
"Akron",2025,"Akron_2025",1,3,1,1,5493.02408001102
"Akron",2025,"Akron_2025",1,3,2,14,4869.11051358252
"Akron",2025,"Akron_2025",1,3,3,15,5283.24566377168
"Akron",2025,"Akron_2025",1,3,5,14,5075.07115966491
"Akron",2025,"Akron_2025",1,3,7,13,5380.62261032372
"Akron",2025,"Akron_2025",1,3,8,5,5827.79633973288
"Akron",2025,"Akron_2025",1,3,9,19,5051.28962340778
"Akron",2025,"Akron_2025",1,3,10,1,5495.02921935346
"Akron",2025,"Akron_2025",1,4,1,11,4862.3716707023
"Akron",2025,"Akron_2025",1,4,2,8,4820.99007486676
"Akron",2025,"Akron_2025",1,4,6,13,5571.10443352231
"Akron",2025,"Akron_2025",1,4,7,19,5307.52760831906
"Akron",2025,"Akron_2025",1,4,8,10,5339.28985864724
"Akron",2025,"Akron_2025",1,4,9,6,5792.59047242412
"Akron",2025,"Akron_2025",1,4,10,3,5685.02957390601
"Akron",2025,"Akron_2025",2,5,1,16,5279.62447555022
"Akron",2025,"Akron_2025",2,5,2,18,4762.00710145899
"Akron",2025,"Akron_2025",2,5,4,1,5555.79308584941
"Akron",2025,"Akron_2025",2,5,5,11,5258.95973831465
"Akron",2025,"Akron_2025",2,5,7,3,5440.8901433833
"Akron",2025,"Akron_2025",2,5,8,16,5401.43528930929
"Akron",2025,"Akron_2025",2,5,9,11,5447.42820778748
"Akron",2025,"Akron_2025",2,5,10,3,4933.27424498426
"Akron",2025,"Akron_2025",2,6,2,7,5114.57219551989
"Akron",2025,"Akron_2025",2,6,3,7,5167.41061300622
"Akron",2025,"Akron_2025",2,6,5,8,5035.20147714352
"Akron",2025,"Akron_2025",2,6,6,5,5105.32999723914
"Akron",2025,"Akron_2025",2,6,8,10,5091.3253733354
"Akron",2025,"Akron_2025",2,6,9,4,5921.29852996519
"Akron",2025,"Akron_2025",2,6,10,14,5521.01959189031
"Akron",2025,"Akron_2025",2,7,1,14,5122.0173824319
"Akron",2025,"Akron_2025",2,7,2,13,4834.35088910235
"Akron",2025,"Akron_2025",2,7,3,15,4795.03082771032
"Akron",2025,"Akron_2025",2,7,4,13,5149.23770703515
"Akron",2025,"Akron_2025",2,7,5,6,5464.23280838543
"Akron",2025,"Akron_2025",2,7,6,10,5504.71705634567
"Akron",2025,"Akron_2025",2,7,7,1,5384.19107695443
"Akron",2025,"Akron_2025",2,7,8,15,5455.10932085605
"Akron",2025,"Akron_2025",2,7,9,18,5495.03524470966
"Akron",2025,"Akron_2025",2,8,1,5,4519.85884024321
"Akron",2025,"Akron_2025",2,8,3,8,4638.72661204735
"Akron",2025,"Akron_2025",2,8,4,20,5077.1497968213
"Akron",2025,"Akron_2025",2,8,5,4,4637.00254887438
"Akron",2025,"Akron_2025",2,8,7,20,4952.64103911143
"Akron",2025,"Akron_2025",2,8,8,19,4542.9850743094
"Akron",2025,"Akron_2025",2,8,9,6,4775.10869186087
"Akron",2025,"Akron_2025",2,8,10,19,4411.71810238871
"Akron",2025,"Akron_2025",3,9,1,18,5150.16307165185
"Akron",2025,"Akron_2025",3,9,2,11,5023.58516949776
"Akron",2025,"Akron_2025",3,9,4,3,4624.10343833551
"Akron",2025,"Akron_2025",3,9,5,13,5130.79265573393
"Akron",2025,"Akron_2025",3,9,6,15,4620.89519358891
"Akron",2025,"Akron_2025",3,9,9,4,4758.10798901119
"Akron",2025,"Akron_2025",3,9,10,19,4845.36275861859
"Akron",2025,"Akron_2025",3,10,1,20,4965.21490288679
"Akron",2025,"Akron_2025",3,10,2,6,4190.26251788005
"Akron",2025,"Akron_2025",3,10,3,11,4710.29902248775
"Akron",2025,"Akron_2025",3,10,4,16,4423.6649201149
"Akron",2025,"Akron_2025",3,10,6,18,3928.60037134809
"Akron",2025,"Akron_2025",3,10,7,20,4796.32767608493
"Akron",2025,"Akron_2025",3,10,8,3,4811.42203719257
"Akron",2025,"Akron_2025",3,10,9,5,4949.11864641739
"Akron",2025,"Akron_2025",3,10,10,10,4258.1749886752
"Akron",2025,"Akron_2025",3,11,1,16,4861.6784390125
"Akron",2025,"Akron_2025",3,11,2,6,4192.78353279678
"Akron",2025,"Akron_2025",3,11,5,8,3772.00779916076
"Akron",2025,"Akron_2025",3,11,6,19,3801.53889444528
"Akron",2025,"Akron_2025",3,11,7,10,3282.35561890543
"Akron",2025,"Akron_2025",3,11,8,4,3969.93504541969
"Akron",2025,"Akron_2025",3,11,9,7,4240.79801208913
"Akron",2025,"Akron_2025",3,11,10,13,4672.94846387896
"Akron",2025,"Akron_2025",3,12,1,1,4302.29243835828
"Akron",2025,"Akron_2025",3,12,2,14,2742.95188911561
"Akron",2025,"Akron_2025",3,12,4,15,3281.32639173243
"Akron",2025,"Akron_2025",3,12,5,5,3662.43465758379
"Akron",2025,"Akron_2025",3,12,6,8,2869.96900509004
"Akron",2025,"Akron_2025",3,12,8,7,3732.33483707033
"Akron",2025,"Akron_2025",3,12,9,14,3238.65573804237
"Akron",2025,"Akron_2025",3,12,10,1,3838.04237021226
"Akron",2025,"Akron_2025",4,13,1,16,4170.04245615515
"Akron",2025,"Akron_2025",4,13,2,19,4059.30309057567
"Akron",2025,"Akron_2025",4,13,3,20,4431.76425524686
"Akron",2025,"Akron_2025",4,13,4,18,3596.63163837364
"Akron",2025,"Akron_2025",4,13,6,3,3520.36135108397
"Akron",2025,"Akron_2025",4,13,8,13,4574.50014439256
"Akron",2025,"Akron_2025",4,13,9,4,4141.47311875313
"Akron",2025,"Akron_2025",4,14,1,4,4587.25607494927
"Akron",2025,"Akron_2025",4,14,2,16,4939.11987329232
"Akron",2025,"Akron_2025",4,14,3,10,4514.34308685659
"Akron",2025,"Akron_2025",4,14,4,13,4643.33889384721
"Akron",2025,"Akron_2025",4,14,5,7,4920.27874810354
"Akron",2025,"Akron_2025",4,14,6,8,4644.83715119847
"Akron",2025,"Akron_2025",4,14,7,20,5149.14880827564
"Akron",2025,"Akron_2025",4,14,8,14,4360.31306358804
"Akron",2025,"Akron_2025",4,14,10,8,4303.64374510917
"Akron",2025,"Akron_2025",4,15,1,3,4071.64341740726
"Akron",2025,"Akron_2025",4,15,2,6,4716.93283629302
"Akron",2025,"Akron_2025",4,15,3,1,4643.88681387839
"Akron",2025,"Akron_2025",4,15,4,7,4523.36663111822
"Akron",2025,"Akron_2025",4,15,6,5,3885.68153383803
"Akron",2025,"Akron_2025",4,15,8,6,4894.72505889211
"Akron",2025,"Akron_2025",4,15,9,11,5177.66563811171
"Akron",2025,"Akron_2025",4,15,10,19,4395.51763413458
"Akron",2025,"Akron_2025",4,16,1,15,4072.89422374347
"Akron",2025,"Akron_2025",4,16,3,15,4623.40831163552
"Akron",2025,"Akron_2025",4,16,4,5,4498.54855835171
"Akron",2025,"Akron_2025",4,16,5,11,5835.92379719979
"Akron",2025,"Akron_2025",4,16,6,1,5606.04561266006
"Akron",2025,"Akron_2025",4,16,8,14,4186.98489514838
"Akron",2025,"Akron_2025",4,16,9,18,4428.7865656251
"Akron",2025,"Akron_2025",4,16,10,10,4632.783041742
"RockyFord",2025,"RockyFord_2025",1,1,1,8,4735.13421480667
"RockyFord",2025,"RockyFord_2025",1,1,2,17,5240.47249065814
"RockyFord",2025,"RockyFord_2025",1,1,3,14,4551.25453208164
"RockyFord",2025,"RockyFord_2025",1,1,4,7,4730.16923335796
"RockyFord",2025,"RockyFord_2025",1,1,5,11,4995.44266535953
"RockyFord",2025,"RockyFord_2025",1,1,7,10,4549.99640010908
"RockyFord",2025,"RockyFord_2025",1,1,8,5,4618.93477474793
"RockyFord",2025,"RockyFord_2025",1,1,9,2,4856.50719162577
"RockyFord",2025,"RockyFord_2025",1,1,10,18,3994.51754188194
"RockyFord",2025,"RockyFord_2025",1,2,2,6,4976.05787601506
"RockyFord",2025,"RockyFord_2025",1,2,3,5,5546.72039506363
"RockyFord",2025,"RockyFord_2025",1,2,4,6,5104.76317443122
"RockyFord",2025,"RockyFord_2025",1,2,5,18,4975.67708569122
"RockyFord",2025,"RockyFord_2025",1,2,6,4,3796.73010354852
"RockyFord",2025,"RockyFord_2025",1,2,7,8,4544.36023856257
"RockyFord",2025,"RockyFord_2025",1,2,9,3,4984.59787325343
"RockyFord",2025,"RockyFord_2025",1,2,10,13,4744.28567955353
"RockyFord",2025,"RockyFord_2025",1,3,2,20,5397.2602227333
"RockyFord",2025,"RockyFord_2025",1,3,3,1,5123.05181175213
"RockyFord",2025,"RockyFord_2025",1,3,4,20,5687.62387923801
"RockyFord",2025,"RockyFord_2025",1,3,7,7,4616.9975257469
"RockyFord",2025,"RockyFord_2025",1,3,8,14,3946.47775274508
"RockyFord",2025,"RockyFord_2025",1,3,9,10,4830.66352057245
"RockyFord",2025,"RockyFord_2025",1,3,10,11,5639.21446306529
"RockyFord",2025,"RockyFord_2025",1,4,1,15,4687.11173728101
"RockyFord",2025,"RockyFord_2025",1,4,2,2,5717.18597294341
"RockyFord",2025,"RockyFord_2025",1,4,3,17,5859.49420627458
"RockyFord",2025,"RockyFord_2025",1,4,6,15,4574.21133992114
"RockyFord",2025,"RockyFord_2025",1,4,7,13,4881.75869323288
"RockyFord",2025,"RockyFord_2025",1,4,8,1,4996.48342906342
"RockyFord",2025,"RockyFord_2025",1,4,9,4,5028.35287555037
"RockyFord",2025,"RockyFord_2025",1,4,10,3,5023.91003578074
"RockyFord",2025,"RockyFord_2025",2,5,1,2,4958.78978155803
"RockyFord",2025,"RockyFord_2025",2,5,3,15,4593.31115444323
"RockyFord",2025,"RockyFord_2025",2,5,4,7,5142.50633412062
"RockyFord",2025,"RockyFord_2025",2,5,5,20,5685.71202721143
"RockyFord",2025,"RockyFord_2025",2,5,6,20,5410.48637768009
"RockyFord",2025,"RockyFord_2025",2,5,7,10,4942.80890194724
"RockyFord",2025,"RockyFord_2025",2,5,9,6,5544.48679816757
"RockyFord",2025,"RockyFord_2025",2,5,10,5,5537.99984194865
"RockyFord",2025,"RockyFord_2025",2,6,1,1,4899.6902178456
"RockyFord",2025,"RockyFord_2025",2,6,3,14,4539.20169829204
"RockyFord",2025,"RockyFord_2025",2,6,4,14,4121.84129863661
"RockyFord",2025,"RockyFord_2025",2,6,6,4,4452.53736784414
"RockyFord",2025,"RockyFord_2025",2,6,7,3,4823.05494935627
"RockyFord",2025,"RockyFord_2025",2,6,8,18,5247.23322568047
"RockyFord",2025,"RockyFord_2025",2,6,9,3,4923.4786463864
"RockyFord",2025,"RockyFord_2025",2,6,10,17,4489.10317774519
"RockyFord",2025,"RockyFord_2025",2,7,1,8,3553.28405919512
"RockyFord",2025,"RockyFord_2025",2,7,2,2,4228.87250363101
"RockyFord",2025,"RockyFord_2025",2,7,3,1,4237.55924857387
"RockyFord",2025,"RockyFord_2025",2,7,5,5,4072.28878335281
"RockyFord",2025,"RockyFord_2025",2,7,6,13,4273.79752452869
"RockyFord",2025,"RockyFord_2025",2,7,7,6,3930.21474723295
"RockyFord",2025,"RockyFord_2025",2,7,8,7,5152.88493996997
"RockyFord",2025,"RockyFord_2025",2,7,10,17,4560.5049381529
"RockyFord",2025,"RockyFord_2025",2,8,1,15,4119.85255226554
"RockyFord",2025,"RockyFord_2025",2,8,2,13,5042.83874556527
"RockyFord",2025,"RockyFord_2025",2,8,3,4,4887.0028521159
"RockyFord",2025,"RockyFord_2025",2,8,4,10,4516.29146985092
"RockyFord",2025,"RockyFord_2025",2,8,6,8,4038.04899252198
"RockyFord",2025,"RockyFord_2025",2,8,8,18,4673.87881051367
"RockyFord",2025,"RockyFord_2025",2,8,9,11,4399.80884551857
"RockyFord",2025,"RockyFord_2025",2,8,10,11,5106.4806151978
"RockyFord",2025,"RockyFord_2025",3,9,1,15,4769.55048564012
"RockyFord",2025,"RockyFord_2025",3,9,2,18,5007.752395424
"RockyFord",2025,"RockyFord_2025",3,9,4,7,4782.62548652049
"RockyFord",2025,"RockyFord_2025",3,9,5,8,5153.40750741024
"RockyFord",2025,"RockyFord_2025",3,9,7,5,5392.81054948561
"RockyFord",2025,"RockyFord_2025",3,9,9,2,4703.11490270043
"RockyFord",2025,"RockyFord_2025",3,9,10,10,4597.58639663091
"RockyFord",2025,"RockyFord_2025",3,10,1,15,4627.47753608002
"RockyFord",2025,"RockyFord_2025",3,10,2,18,5233.69816813051
"RockyFord",2025,"RockyFord_2025",3,10,3,3,5185.81272790662
"RockyFord",2025,"RockyFord_2025",3,10,4,5,5455.52399424427
"RockyFord",2025,"RockyFord_2025",3,10,5,7,5261.82278198814
"RockyFord",2025,"RockyFord_2025",3,10,6,1,5631.00702476376
"RockyFord",2025,"RockyFord_2025",3,10,8,10,4460.58934414579
"RockyFord",2025,"RockyFord_2025",3,10,9,13,4855.35407638925
"RockyFord",2025,"RockyFord_2025",3,10,10,1,4715.25246525974
"RockyFord",2025,"RockyFord_2025",3,11,1,11,4661.88566787184
"RockyFord",2025,"RockyFord_2025",3,11,2,14,4141.46058372213
"RockyFord",2025,"RockyFord_2025",3,11,3,11,5260.13818194509
"RockyFord",2025,"RockyFord_2025",3,11,4,8,4546.17407666525
"RockyFord",2025,"RockyFord_2025",3,11,7,4,4865.34443163195
"RockyFord",2025,"RockyFord_2025",3,11,8,2,5059.96853480684
"RockyFord",2025,"RockyFord_2025",3,11,9,4,5044.16703264726
"RockyFord",2025,"RockyFord_2025",3,11,10,17,4970.13849470374
"RockyFord",2025,"RockyFord_2025",3,12,1,20,4397.8092674873
"RockyFord",2025,"RockyFord_2025",3,12,2,20,4654.95440567362
"RockyFord",2025,"RockyFord_2025",3,12,3,3,4075.5833888764
"RockyFord",2025,"RockyFord_2025",3,12,4,14,4368.35212705102
"RockyFord",2025,"RockyFord_2025",3,12,5,6,4369.33365562281
"RockyFord",2025,"RockyFord_2025",3,12,6,6,4156.65125128188
"RockyFord",2025,"RockyFord_2025",3,12,8,17,4611.47338085633
"RockyFord",2025,"RockyFord_2025",3,12,9,13,4699.06114606204
"RockyFord",2025,"RockyFord_2025",4,13,1,18,3510.98111049004
"RockyFord",2025,"RockyFord_2025",4,13,2,8,3885.17375694515
"RockyFord",2025,"RockyFord_2025",4,13,3,2,4079.26184621537
"RockyFord",2025,"RockyFord_2025",4,13,5,10,4047.19294722278
"RockyFord",2025,"RockyFord_2025",4,13,6,11,4904.13406551141
"RockyFord",2025,"RockyFord_2025",4,13,7,3,4496.97592120681
"RockyFord",2025,"RockyFord_2025",4,13,8,20,4688.85312027943
"RockyFord",2025,"RockyFord_2025",4,13,9,17,4591.80744005996
"RockyFord",2025,"RockyFord_2025",4,14,1,11,4909.47971054836
"RockyFord",2025,"RockyFord_2025",4,14,3,4,3233.60901202374
"RockyFord",2025,"RockyFord_2025",4,14,4,10,3657.26854058859
"RockyFord",2025,"RockyFord_2025",4,14,5,18,3798.68488555874
"RockyFord",2025,"RockyFord_2025",4,14,7,6,4143.00879485192
"RockyFord",2025,"RockyFord_2025",4,14,8,5,4144.33653004425
"RockyFord",2025,"RockyFord_2025",4,14,9,4,3741.83206782939
"RockyFord",2025,"RockyFord_2025",4,14,10,15,3705.72763088149
"RockyFord",2025,"RockyFord_2025",4,15,1,15,4116.93012457513
"RockyFord",2025,"RockyFord_2025",4,15,2,8,4152.60147494096
"RockyFord",2025,"RockyFord_2025",4,15,4,7,4856.53816777573
"RockyFord",2025,"RockyFord_2025",4,15,6,20,5228.99287369406
"RockyFord",2025,"RockyFord_2025",4,15,7,13,5339.67719804858
"RockyFord",2025,"RockyFord_2025",4,15,9,14,4516.96199878704
"RockyFord",2025,"RockyFord_2025",4,15,10,1,4629.98567760647
"RockyFord",2025,"RockyFord_2025",4,16,1,3,3665.63099233956
"RockyFord",2025,"RockyFord_2025",4,16,2,7,3746.23994701489
"RockyFord",2025,"RockyFord_2025",4,16,3,13,4014.1799300494
"RockyFord",2025,"RockyFord_2025",4,16,4,1,4218.21373945759
"RockyFord",2025,"RockyFord_2025",4,16,5,17,4399.78694277226
"RockyFord",2025,"RockyFord_2025",4,16,6,2,4702.30377102697
"RockyFord",2025,"RockyFord_2025",4,16,7,14,4246.71927656706
"RockyFord",2025,"RockyFord_2025",4,16,9,6,4603.43128584867
"RockyFord",2025,"RockyFord_2025",4,16,10,5,4069.29741540074
